"Time of Day","Process Name","PID","Operation","Path","Result","Detail"
"21:53:18.6808731","TestVirus.exe","31712","Process Start","","SUCCESS","Parent PID: 27948, Command line: ""C:\Users\Maahir\AppData\Local\Temp\RarSFX1\TestVirus.exe"" , Current directory: C:\Users\Maahir\AppData\Local\Temp\RarSFX1\, Environment: ;	ALLUSERSPROFILE=C:\ProgramData;	APPDATA=C:\Users\Maahir\AppData\Roaming;	CommonProgramFiles=C:\Program Files\Common Files;	CommonProgramFiles(x86)=C:\Program Files (x86)\Common Files;	CommonProgramW6432=C:\Program Files\Common Files;	COMPUTERNAME=M-COMPUTER;	ComSpec=C:\WINDOWS\system32\cmd.exe;	DriverData=C:\Windows\System32\Drivers\DriverData;	HOMEDRIVE=C:;	HOMEPATH=\Users\Maahir;	LOCALAPPDATA=C:\Users\Maahir\AppData\Local;	LOGONSERVER=\\M-COMPUTER;	NUMBER_OF_PROCESSORS=8;	OneDrive=C:\Users\Maahir\OneDrive - King's College London;	OneDriveCommercial=C:\Users\Maahir\OneDrive - King's College London;	OS=Windows_NT;	Path=C:\WINDOWS\system32;C:\WINDOWS;C:\WINDOWS\System32\Wbem;C:\WINDOWS\System32\WindowsPowerShell\v1.0\;C:\WINDOWS\System32\OpenSSH\;C:\Users\Maahir\AppData\Local\Microsoft\WindowsApps;	PATHEXT=.COM;.EXE;.BAT;.CMD;.VBS;.VBE;.JS;.JSE;.WSF;.WSH;.MSC;	PROCESSOR_ARCHITECTURE=AMD64;	PROCESSOR_IDENTIFIER=Intel64 Family 6 Model 140 Stepping 1, GenuineIntel;	PROCESSOR_LEVEL=6;	PROCESSOR_REVISION=8c01;	ProgramData=C:\ProgramData;	ProgramFiles=C:\Program Files;	ProgramFiles(x86)=C:\Program Files (x86);	ProgramW6432=C:\Program Files;	PSModulePath=C:\Program Files\WindowsPowerShell\Modules;C:\WINDOWS\system32\WindowsPowerShell\v1.0\Modules;	PUBLIC=C:\Users\Public;	sfxcmd=""C:\Users\Maahir\Downloads\goldenretriever.exe"" ;	sfxname=C:\Users\Maahir\Downloads\goldenretriever.exe;	sfxnamenoext=goldenretriever;	sfxpar=;	sfxstime=2026-09-06-21-53-17-029;	SystemDrive=C:;	SystemRoot=C:\WINDOWS;	TEMP=C:\Users\Maahir\AppData\Local\Temp;	TMP=C:\Users\Maahir\AppData\Local\Temp;	USERDOMAIN=M-COMPUTER;	USERDOMAIN_ROAMINGPROFILE=M-COMPUTER;	USERNAME=Maahir;	USERPROFILE=C:\Users\Maahir;	windir=C:\WINDOWS;	__COMPAT_LAYER=DetectorsAdminProtection Installer"
"21:53:18.6809010","TestVirus.exe","31712","Thread Create","","SUCCESS","Thread ID: 3088"
"21:53:18.7282304","TestVirus.exe","31712","Load Image","C:\Users\Maahir\AppData\Local\Temp\RarSFX1\TestVirus.exe","SUCCESS","Image Base: 0x7ff732960000, Image Size: 0x16000"
"21:53:18.7284916","TestVirus.exe","31712","Load Image","C:\Windows\System32\ntdll.dll","SUCCESS","Image Base: 0x7ffe0fb20000, Image Size: 0x266000"
"21:53:18.7286623","TestVirus.exe","31712","RegOpenKey","HKLM\System\CurrentControlSet\Control\Nls\CodePage","REPARSE","Desired Access: Read"
"21:53:18.7287258","TestVirus.exe","31712","RegOpenKey","HKLM\System\CurrentControlSet\Control\Nls\CodePage","SUCCESS","Desired Access: Read"
"21:53:18.7287476","TestVirus.exe","31712","RegQueryValue","HKLM\System\CurrentControlSet\Control\Nls\CodePage\ACP","SUCCESS","Type: REG_SZ, Length: 10, Data: 1252"
"21:53:18.7287906","TestVirus.exe","31712","RegQueryValue","HKLM\System\CurrentControlSet\Control\Nls\CodePage\OEMCP","SUCCESS","Type: REG_SZ, Length: 8, Data: 850"
"21:53:18.7288250","TestVirus.exe","31712","RegCloseKey","HKLM\System\CurrentControlSet\Control\Nls\CodePage","SUCCESS",""
"21:53:18.7293870","TestVirus.exe","31712","RegOpenKey","HKLM\System\CurrentControlSet\Control\Session Manager","REPARSE","Desired Access: Query Value"
"21:53:18.7294184","TestVirus.exe","31712","RegOpenKey","HKLM\System\CurrentControlSet\Control\Session Manager","SUCCESS","Desired Access: Query Value"
"21:53:18.7294587","TestVirus.exe","31712","RegQueryValue","HKLM\System\CurrentControlSet\Control\Session Manager\RaiseExceptionOnPossibleDeadlock","NAME NOT FOUND","Length: 80"
"21:53:18.7294897","TestVirus.exe","31712","RegCloseKey","HKLM\System\CurrentControlSet\Control\Session Manager","SUCCESS",""
"21:53:18.7295205","TestVirus.exe","31712","RegOpenKey","HKLM\SYSTEM\CurrentControlSet\Control\Session Manager\Segment Heap","REPARSE","Desired Access: Query Value"
"21:53:18.7295447","TestVirus.exe","31712","RegOpenKey","HKLM\System\CurrentControlSet\Control\Session Manager\Segment Heap","NAME NOT FOUND","Desired Access: Query Value"
"21:53:18.7296530","TestVirus.exe","31712","RegOpenKey","HKLM\Software\Microsoft\Windows NT\CurrentVersion\Image File Execution Options","SUCCESS","Desired Access: Query Value, Enumerate Sub Keys"
"21:53:18.7296970","TestVirus.exe","31712","RegOpenKey","HKLM\SOFTWARE\Microsoft\Windows NT\CurrentVersion\Image File Execution Options\TestVirus.exe","NAME NOT FOUND","Desired Access: Query Value, Enumerate Sub Keys"
"21:53:18.7301252","TestVirus.exe","31712","RegQueryValue","HKLM\System\CurrentControlSet\Control\Notifications\41911A28A3BC10B5","BUFFER TOO SMALL","Length: 0"
"21:53:18.7301497","TestVirus.exe","31712","RegQueryValue","HKLM\System\CurrentControlSet\Control\Notifications\41911A28A3BC10B5","SUCCESS","Type: REG_BINARY, Length: 72, Data: 01 00 04 80 00 00 00 00 00 00 00 00 00 00 00 00"
"21:53:18.7307523","TestVirus.exe","31712","CreateFile","C:\Users\Maahir\AppData\Local\Temp\RarSFX1","SUCCESS","Desired Access: Execute/Traverse, Synchronize, Disposition: Open, Options: Directory, Synchronous IO Non-Alert, Attributes: n/a, ShareMode: Read, Write, AllocationSize: n/a, OpenResult: Opened"
"21:53:18.7312578","TestVirus.exe","31712","Load Image","C:\Windows\System32\kernel32.dll","SUCCESS","Image Base: 0x7ffe0db90000, Image Size: 0xc9000"
"21:53:18.7316365","TestVirus.exe","31712","Load Image","C:\Windows\System32\KernelBase.dll","SUCCESS","Image Base: 0x7ffe0cd30000, Image Size: 0x3ff000"
"21:53:18.7332482","TestVirus.exe","31712","CreateFile","C:\Windows\System32\conhost.exe","SUCCESS","Desired Access: Execute/Traverse, Synchronize, Disposition: Open, Options: Synchronous IO Non-Alert, Non-Directory File, Attributes: N, ShareMode: Read, Delete, AllocationSize: n/a, OpenResult: Opened"
"21:53:18.7333916","TestVirus.exe","31712","CreateFileMapping","C:\Windows\System32\conhost.exe","FILE LOCKED WITH ONLY READERS","SyncType: SyncTypeCreateSection, PageProtection: PAGE_EXECUTE"
"21:53:18.7334709","TestVirus.exe","31712","QueryEAFile","C:\Windows\System32\conhost.exe","SUCCESS",""
"21:53:18.7335088","TestVirus.exe","31712","FileSystemControl","C:\Windows\System32\conhost.exe","SUCCESS","Control: FSCTL_QUERY_USN_JOURNAL"
"21:53:18.7335440","TestVirus.exe","31712","CreateFileMapping","C:\Windows\System32\conhost.exe","SUCCESS","SyncType: SyncTypeOther"
"21:53:18.7336143","TestVirus.exe","31712","RegOpenKey","HKLM\SOFTWARE\Microsoft\Windows NT\CurrentVersion\Image File Execution Options\Conhost.exe","NAME NOT FOUND","Desired Access: Query Value, Enumerate Sub Keys"
"21:53:18.7338766","TestVirus.exe","31712","QueryNameInformationFile","C:\Windows\System32\conhost.exe","SUCCESS","Name: \Windows\System32\conhost.exe"
"21:53:18.7412290","TestVirus.exe","31712","QuerySecurityFile","C:\Windows\System32\conhost.exe","SUCCESS","Information: Owner, Group, DACL, SACL, Label, Attribute, Process Trust Label, 0x100"
"21:53:18.7412860","TestVirus.exe","31712","RegOpenKey","HKLM\System\CurrentControlSet\Control\AppID\Configuration\SMARTLOCKER","REPARSE","Desired Access: Read"
"21:53:18.7413212","TestVirus.exe","31712","RegOpenKey","HKLM\System\CurrentControlSet\Control\AppID\Configuration\SMARTLOCKER","SUCCESS","Desired Access: Read"
"21:53:18.7413495","TestVirus.exe","31712","RegQueryValue","HKLM\System\CurrentControlSet\Control\AppID\Configuration\SMARTLOCKER\DISABLED","NAME NOT FOUND","Length: 48"
"21:53:18.7413743","TestVirus.exe","31712","RegCloseKey","HKLM\System\CurrentControlSet\Control\AppID\Configuration\SMARTLOCKER","SUCCESS",""
"21:53:18.7414003","TestVirus.exe","31712","RegOpenKey","HKLM\System\CurrentControlSet\Control\AppID\Configuration\SMARTLOCKER","REPARSE","Desired Access: Read"
"21:53:18.7414256","TestVirus.exe","31712","RegOpenKey","HKLM\System\CurrentControlSet\Control\AppID\Configuration\SMARTLOCKER","SUCCESS","Desired Access: Read"
"21:53:18.7415409","TestVirus.exe","31712","RegQueryValue","HKLM\System\CurrentControlSet\Control\AppID\Configuration\SMARTLOCKER\ENABLED","SUCCESS","Type: REG_QWORD, Length: 8, Data: "
"21:53:18.7416269","TestVirus.exe","31712","RegCloseKey","HKLM\System\CurrentControlSet\Control\AppID\Configuration\SMARTLOCKER","SUCCESS",""
"21:53:18.7416679","TestVirus.exe","31712","RegOpenKey","HKLM\System\CurrentControlSet\Control\AppID\Configuration\SMARTLOCKER","REPARSE","Desired Access: Read"
"21:53:18.7418531","TestVirus.exe","31712","RegOpenKey","HKLM\System\CurrentControlSet\Control\AppID\Configuration\SMARTLOCKER","SUCCESS","Desired Access: Read"
"21:53:18.7418933","TestVirus.exe","31712","RegQueryValue","HKLM\System\CurrentControlSet\Control\AppID\Configuration\SMARTLOCKER\ENABLED","SUCCESS","Type: REG_QWORD, Length: 8, Data: "
"21:53:18.7419402","TestVirus.exe","31712","RegCloseKey","HKLM\System\CurrentControlSet\Control\AppID\Configuration\SMARTLOCKER","SUCCESS",""
"21:53:18.7420548","TestVirus.exe","31712","RegOpenKey","HKLM\System\CurrentControlSet\Control\AppID\Configuration\SMARTLOCKER","REPARSE","Desired Access: Read"
"21:53:18.7421055","TestVirus.exe","31712","RegOpenKey","HKLM\System\CurrentControlSet\Control\AppID\Configuration\SMARTLOCKER","SUCCESS","Desired Access: Read"
"21:53:18.7422954","TestVirus.exe","31712","RegQueryValue","HKLM\System\CurrentControlSet\Control\AppID\Configuration\SMARTLOCKER\DISABLED","NAME NOT FOUND","Length: 48"
"21:53:18.7427841","TestVirus.exe","31712","RegCloseKey","HKLM\System\CurrentControlSet\Control\AppID\Configuration\SMARTLOCKER","SUCCESS",""
"21:53:18.7433888","TestVirus.exe","31712","QueryEAFile","C:\Windows\System32\conhost.exe","SUCCESS",""
"21:53:18.7436970","TestVirus.exe","31712","QueryEAFile","C:\Windows\System32\conhost.exe","SUCCESS",""
"21:53:18.7437604","TestVirus.exe","31712","FileSystemControl","C:\Windows\System32\conhost.exe","SUCCESS","Control: FSCTL_READ_FILE_USN_DATA"
"21:53:18.7441508","TestVirus.exe","31712","RegOpenKey","HKLM\System\CurrentControlSet\Services\bam\State\UserSettings\S-1-5-21-1663969892-1486492031-3681852467-1002","SUCCESS","Desired Access: All Access"
"21:53:18.7441890","TestVirus.exe","31712","RegQueryValue","HKLM\System\CurrentControlSet\Services\bam\State\UserSettings\S-1-5-21-1663969892-1486492031-3681852467-1002\\Device\HarddiskVolume3\Windows\System32\conhost.exe","SUCCESS","Type: REG_BINARY, Length: 24, Data: 67 E8 47 96 41 3E DD 01 00 00 00 00 00 00 00 00"
"21:53:18.7442646","TestVirus.exe","31712","RegSetValue","HKLM\System\CurrentControlSet\Services\bam\State\UserSettings\S-1-5-21-1663969892-1486492031-3681852467-1002\\Device\HarddiskVolume3\Windows\System32\conhost.exe","SUCCESS","Type: REG_BINARY, Length: 24, Data: 7C 04 E7 BE 41 3E DD 01 00 00 00 00 00 00 00 00"
"21:53:18.7449663","TestVirus.exe","31712","RegCloseKey","HKLM\System\CurrentControlSet\Services\bam\State\UserSettings\S-1-5-21-1663969892-1486492031-3681852467-1002","SUCCESS",""
"21:53:18.7450399","TestVirus.exe","31712","RegOpenKey","HKLM\SYSTEM\CurrentControlSet\Control\Session Manager\BAM","REPARSE","Desired Access: Query Value"
"21:53:18.7450878","TestVirus.exe","31712","RegOpenKey","HKLM\System\CurrentControlSet\Control\Session Manager\BAM","NAME NOT FOUND","Desired Access: Query Value"
"21:53:18.7458469","TestVirus.exe","31712","CreateFile","C:\Windows\System32\conhost.exe","SUCCESS","Desired Access: Read Attributes, Disposition: Open, Options: Non-Directory File, Attributes: n/a, ShareMode: Read, Write, AllocationSize: n/a, OpenResult: Opened"
"21:53:18.7462654","TestVirus.exe","31712","CloseFile","C:\Windows\System32\conhost.exe","SUCCESS",""
"21:53:18.7466973","TestVirus.exe","31712","QueryNameInformationFile","C:\Windows\System32\conhost.exe","SUCCESS","Name: \Windows\System32\conhost.exe"
"21:53:18.7478478","TestVirus.exe","31712","CreateFile","C:\Windows\System32\conhost.exe","SUCCESS","Desired Access: Read Data/List Directory, Read Attributes, Synchronize, Disposition: Open, Options: Sequential Access, Synchronous IO Alert, Non-Directory File, Attributes: N, ShareMode: Read, Delete, AllocationSize: n/a, OpenResult: Opened"
"21:53:18.7480109","TestVirus.exe","31712","QueryAllInformationFile","C:\Windows\System32\conhost.exe","SUCCESS","CreationTime: 07/08/2026 11:30:16, LastAccessTime: 06/09/2026 21:52:15, LastWriteTime: 07/08/2026 11:30:16, ChangeTime: 12/08/2026 11:27:20, FileAttributes: A, AllocationSize: 1,003,520, EndOfFile: 1,003,520"
"21:53:18.7483464","TestVirus.exe","31712","CloseFile","C:\Windows\System32\conhost.exe","SUCCESS",""
"21:53:18.7485145","TestVirus.exe","31712","Process Create","C:\WINDOWS\System32\Conhost.exe","SUCCESS","PID: 6128, Command line: \??\C:\WINDOWS\system32\conhost.exe 0xffffffff -ForceV1"
"21:53:18.7485869","TestVirus.exe","31712","CloseFile","C:\Windows\System32\conhost.exe","SUCCESS",""
"21:53:18.8987916","TestVirus.exe","31712","RegOpenKey","HKLM\System\CurrentControlSet\Control\StateSeparation\RedirectionMap\Keys","REPARSE","Desired Access: Read"
"21:53:18.8988226","TestVirus.exe","31712","RegOpenKey","HKLM\System\CurrentControlSet\Control\StateSeparation\RedirectionMap\Keys","NAME NOT FOUND","Desired Access: Read"
"21:53:18.8990628","TestVirus.exe","31712","RegOpenKey","HKLM\System\CurrentControlSet\Control\Terminal Server","REPARSE","Desired Access: Read"
"21:53:18.8990899","TestVirus.exe","31712","RegOpenKey","HKLM\System\CurrentControlSet\Control\Terminal Server","SUCCESS","Desired Access: Read"
"21:53:18.8991139","TestVirus.exe","31712","RegQueryValue","HKLM\System\CurrentControlSet\Control\Terminal Server\TSAppCompat","NAME NOT FOUND","Length: 548"
"21:53:18.8991364","TestVirus.exe","31712","RegQueryValue","HKLM\System\CurrentControlSet\Control\Terminal Server\TSUserEnabled","SUCCESS","Type: REG_DWORD, Length: 4, Data: 0"
"21:53:18.8991559","TestVirus.exe","31712","RegCloseKey","HKLM\System\CurrentControlSet\Control\Terminal Server","SUCCESS",""
"21:53:18.8996915","TestVirus.exe","31712","RegOpenKey","HKLM\System\CurrentControlSet\Control\SafeBoot\Option","REPARSE","Desired Access: Query Value, Set Value"
"21:53:18.8997122","TestVirus.exe","31712","RegOpenKey","HKLM\System\CurrentControlSet\Control\SafeBoot\Option","NAME NOT FOUND","Desired Access: Query Value, Set Value"
"21:53:18.8997377","TestVirus.exe","31712","RegOpenKey","HKLM\System\CurrentControlSet\Control\Srp\GP\DLL","REPARSE","Desired Access: Read"
"21:53:18.8997934","TestVirus.exe","31712","RegOpenKey","HKLM\System\CurrentControlSet\Control\Srp\GP\DLL","SUCCESS","Desired Access: Read"
"21:53:18.8998277","TestVirus.exe","31712","RegQueryKey","HKLM\System\CurrentControlSet\Control\Srp\Gp\DLL","SUCCESS","Query: Full, SubKeys: 1, Values: 0"
"21:53:18.8998496","TestVirus.exe","31712","RegCloseKey","HKLM\System\CurrentControlSet\Control\Srp\Gp\DLL","SUCCESS",""
"21:53:18.8998765","TestVirus.exe","31712","RegOpenKey","HKLM\Software\Policies\Microsoft\Windows\Safer\CodeIdentifiers","SUCCESS","Desired Access: Query Value"
"21:53:18.8999066","TestVirus.exe","31712","RegQueryValue","HKLM\SOFTWARE\Policies\Microsoft\Windows\safer\codeidentifiers\TransparentEnabled","NAME NOT FOUND","Length: 80"
"21:53:18.8999255","TestVirus.exe","31712","RegCloseKey","HKLM\SOFTWARE\Policies\Microsoft\Windows\safer\codeidentifiers","SUCCESS",""
"21:53:18.8999492","TestVirus.exe","31712","RegOpenKey","HKCU\Software\Policies\Microsoft\Windows\Safer\CodeIdentifiers","NAME NOT FOUND","Desired Access: Query Value"
"21:53:18.8999971","TestVirus.exe","31712","RegOpenKey","HKLM\System\CurrentControlSet\Control\FileSystem\","REPARSE","Desired Access: Read"
"21:53:18.9000176","TestVirus.exe","31712","RegOpenKey","HKLM\System\CurrentControlSet\Control\FileSystem","SUCCESS","Desired Access: Read"
"21:53:18.9000386","TestVirus.exe","31712","RegQueryValue","HKLM\System\CurrentControlSet\Control\FileSystem\LongPathsEnabled","SUCCESS","Type: REG_DWORD, Length: 4, Data: 0"
"21:53:18.9001231","TestVirus.exe","31712","RegCloseKey","HKLM\System\CurrentControlSet\Control\FileSystem","SUCCESS",""
"21:53:18.9006314","TestVirus.exe","31712","CreateFile","C:\Windows\System32\apphelp.dll","SUCCESS","Desired Access: Read Attributes, Disposition: Open, Options: Open Reparse Point, Attributes: n/a, ShareMode: Read, Write, Delete, AllocationSize: n/a, OpenResult: Opened"
"21:53:18.9006930","TestVirus.exe","31712","QueryBasicInformationFile","C:\Windows\System32\apphelp.dll","SUCCESS","CreationTime: 12/08/2026 10:39:58, LastAccessTime: 06/09/2026 21:53:17, LastWriteTime: 12/08/2026 10:39:58, ChangeTime: 22/08/2026 06:57:17, FileAttributes: A"
"21:53:18.9007101","TestVirus.exe","31712","CloseFile","C:\Windows\System32\apphelp.dll","SUCCESS",""
"21:53:18.9009281","TestVirus.exe","31712","CreateFile","C:\Windows\System32\apphelp.dll","SUCCESS","Desired Access: Read Data/List Directory, Execute/Traverse, Synchronize, Disposition: Open, Options: Synchronous IO Non-Alert, Non-Directory File, Attributes: n/a, ShareMode: Read, Delete, AllocationSize: n/a, OpenResult: Opened"
"21:53:18.9010025","TestVirus.exe","31712","CreateFileMapping","C:\Windows\System32\apphelp.dll","FILE LOCKED WITH ONLY READERS","SyncType: SyncTypeCreateSection, PageProtection: PAGE_EXECUTE"
"21:53:18.9010788","TestVirus.exe","31712","CreateFileMapping","C:\Windows\System32\apphelp.dll","SUCCESS","SyncType: SyncTypeOther"
"21:53:18.9011136","TestVirus.exe","31712","RegOpenKey","HKLM\System\CurrentControlSet\Control\Srp\GP\","REPARSE","Desired Access: Read"
"21:53:18.9011336","TestVirus.exe","31712","RegOpenKey","HKLM\System\CurrentControlSet\Control\Srp\GP","SUCCESS","Desired Access: Read"
"21:53:18.9011517","TestVirus.exe","31712","RegQueryValue","HKLM\System\CurrentControlSet\Control\Srp\Gp\RuleCount","SUCCESS","Type: REG_DWORD, Length: 4, Data: 2"
"21:53:18.9011681","TestVirus.exe","31712","RegCloseKey","HKLM\System\CurrentControlSet\Control\Srp\Gp","SUCCESS",""
"21:53:18.9012321","TestVirus.exe","31712","QuerySecurityFile","C:\Windows\System32\apphelp.dll","SUCCESS","Information: Owner, Group, DACL, SACL, Label, Attribute, Process Trust Label, 0x100"
"21:53:18.9012577","TestVirus.exe","31712","RegOpenKey","HKLM\System\CurrentControlSet\Control\AppID\Configuration\SMARTLOCKER","REPARSE","Desired Access: Read"
"21:53:18.9012757","TestVirus.exe","31712","RegOpenKey","HKLM\System\CurrentControlSet\Control\AppID\Configuration\SMARTLOCKER","SUCCESS","Desired Access: Read"
"21:53:18.9013668","TestVirus.exe","31712","RegQueryValue","HKLM\System\CurrentControlSet\Control\AppID\Configuration\SMARTLOCKER\DISABLED","NAME NOT FOUND","Length: 48"
"21:53:18.9013926","TestVirus.exe","31712","RegCloseKey","HKLM\System\CurrentControlSet\Control\AppID\Configuration\SMARTLOCKER","SUCCESS",""
"21:53:18.9016497","TestVirus.exe","31712","RegOpenKey","HKLM\System\CurrentControlSet\Control\AppID\Configuration\SMARTLOCKER","REPARSE","Desired Access: Read"
"21:53:18.9016808","TestVirus.exe","31712","RegOpenKey","HKLM\System\CurrentControlSet\Control\AppID\Configuration\SMARTLOCKER","SUCCESS","Desired Access: Read"
"21:53:18.9017068","TestVirus.exe","31712","RegQueryValue","HKLM\System\CurrentControlSet\Control\AppID\Configuration\SMARTLOCKER\ENABLED","SUCCESS","Type: REG_QWORD, Length: 8, Data: "
"21:53:18.9017300","TestVirus.exe","31712","RegCloseKey","HKLM\System\CurrentControlSet\Control\AppID\Configuration\SMARTLOCKER","SUCCESS",""
"21:53:18.9017524","TestVirus.exe","31712","RegOpenKey","HKLM\System\CurrentControlSet\Control\AppID\Configuration\SMARTLOCKER","REPARSE","Desired Access: Read"
"21:53:18.9017746","TestVirus.exe","31712","RegOpenKey","HKLM\System\CurrentControlSet\Control\AppID\Configuration\SMARTLOCKER","SUCCESS","Desired Access: Read"
"21:53:18.9019245","TestVirus.exe","31712","RegQueryValue","HKLM\System\CurrentControlSet\Control\AppID\Configuration\SMARTLOCKER\ENABLED","SUCCESS","Type: REG_QWORD, Length: 8, Data: "
"21:53:18.9019593","TestVirus.exe","31712","RegCloseKey","HKLM\System\CurrentControlSet\Control\AppID\Configuration\SMARTLOCKER","SUCCESS",""
"21:53:18.9019880","TestVirus.exe","31712","RegOpenKey","HKLM\System\CurrentControlSet\Control\AppID\Configuration\SMARTLOCKER","REPARSE","Desired Access: Read"
"21:53:18.9020223","TestVirus.exe","31712","RegOpenKey","HKLM\System\CurrentControlSet\Control\AppID\Configuration\SMARTLOCKER","SUCCESS","Desired Access: Read"
"21:53:18.9020447","TestVirus.exe","31712","RegQueryValue","HKLM\System\CurrentControlSet\Control\AppID\Configuration\SMARTLOCKER\DISABLED","NAME NOT FOUND","Length: 48"
"21:53:18.9021039","TestVirus.exe","31712","RegCloseKey","HKLM\System\CurrentControlSet\Control\AppID\Configuration\SMARTLOCKER","SUCCESS",""
"21:53:18.9022065","TestVirus.exe","31712","FileSystemControl","C:\Windows\System32\apphelp.dll","SUCCESS","Control: FSCTL_READ_FILE_USN_DATA"
"21:53:18.9024954","TestVirus.exe","31712","Load Image","C:\Windows\System32\apphelp.dll","SUCCESS","Image Base: 0x7ffe09550000, Image Size: 0x9f000"
"21:53:18.9030724","TestVirus.exe","31712","CloseFile","C:\Windows\System32\apphelp.dll","SUCCESS",""
"21:53:18.9033535","TestVirus.exe","31712","RegOpenKey","HKLM\Software\Microsoft\Windows NT\CurrentVersion\AppCompatFlags","SUCCESS","Desired Access: Query Value"
"21:53:18.9033912","TestVirus.exe","31712","RegQueryValue","HKLM\SOFTWARE\Microsoft\Windows NT\CurrentVersion\AppCompatFlags\LogFlags","NAME NOT FOUND","Length: 20"
"21:53:18.9034136","TestVirus.exe","31712","RegCloseKey","HKLM\SOFTWARE\Microsoft\Windows NT\CurrentVersion\AppCompatFlags","SUCCESS",""
"21:53:18.9034365","TestVirus.exe","31712","RegOpenKey","HKLM\OSDATA\Software\Microsoft\Windows NT\CurrentVersion\AppCompatFlags","NAME NOT FOUND","Desired Access: Query Value"
"21:53:18.9035103","TestVirus.exe","31712","QueryNameInformationFile","C:\Windows\System32\apphelp.dll","SUCCESS","Name: \Windows\System32\apphelp.dll"
"21:53:18.9039687","TestVirus.exe","31712","RegOpenKey","HKLM\Software\Microsoft\Windows NT\CurrentVersion\AppCompatFlags","SUCCESS","Desired Access: Query Value"
"21:53:18.9040022","TestVirus.exe","31712","RegQueryValue","HKLM\SOFTWARE\Microsoft\Windows NT\CurrentVersion\AppCompatFlags\ShowDebugInfo","NAME NOT FOUND","Length: 20"
"21:53:18.9041030","TestVirus.exe","31712","RegCloseKey","HKLM\SOFTWARE\Microsoft\Windows NT\CurrentVersion\AppCompatFlags","SUCCESS",""
"21:53:18.9044653","TestVirus.exe","31712","CreateFile","C:\Users\Maahir\AppData\Local\Temp\RarSFX1\TestVirus.exe","SUCCESS","Desired Access: Read Control, Disposition: Open, Options: , Attributes: n/a, ShareMode: Read, Delete, AllocationSize: n/a, OpenResult: Opened"
"21:53:18.9045747","TestVirus.exe","31712","QuerySecurityFile","C:\Users\Maahir\AppData\Local\Temp\RarSFX1\TestVirus.exe","BUFFER OVERFLOW","Information: Owner"
"21:53:18.9046081","TestVirus.exe","31712","QuerySecurityFile","C:\Users\Maahir\AppData\Local\Temp\RarSFX1\TestVirus.exe","SUCCESS","Information: Owner"
"21:53:18.9047150","TestVirus.exe","31712","CloseFile","C:\Users\Maahir\AppData\Local\Temp\RarSFX1\TestVirus.exe","SUCCESS",""
"21:53:18.9051730","TestVirus.exe","31712","CreateFile","C:\Windows\System32\ntdll.dll","SUCCESS","Desired Access: Read Control, Disposition: Open, Options: , Attributes: n/a, ShareMode: Read, Delete, AllocationSize: n/a, OpenResult: Opened"
"21:53:18.9052824","TestVirus.exe","31712","QuerySecurityFile","C:\Windows\System32\ntdll.dll","BUFFER OVERFLOW","Information: Owner"
"21:53:18.9053055","TestVirus.exe","31712","QuerySecurityFile","C:\Windows\System32\ntdll.dll","SUCCESS","Information: Owner"
"21:53:18.9053230","TestVirus.exe","31712","CloseFile","C:\Windows\System32\ntdll.dll","SUCCESS",""
"21:53:18.9057562","TestVirus.exe","31712","CreateFile","C:\Windows\System32\kernel32.dll","SUCCESS","Desired Access: Read Control, Disposition: Open, Options: , Attributes: n/a, ShareMode: Read, Delete, AllocationSize: n/a, OpenResult: Opened"
"21:53:18.9058863","TestVirus.exe","31712","QuerySecurityFile","C:\Windows\System32\kernel32.dll","BUFFER OVERFLOW","Information: Owner"
"21:53:18.9059091","TestVirus.exe","31712","QuerySecurityFile","C:\Windows\System32\kernel32.dll","SUCCESS","Information: Owner"
"21:53:18.9059311","TestVirus.exe","31712","CloseFile","C:\Windows\System32\kernel32.dll","SUCCESS",""
"21:53:18.9065878","TestVirus.exe","31712","CreateFile","C:\Windows\System32\KernelBase.dll","SUCCESS","Desired Access: Read Control, Disposition: Open, Options: , Attributes: n/a, ShareMode: Read, Delete, AllocationSize: n/a, OpenResult: Opened"
"21:53:18.9066377","TestVirus.exe","31712","QuerySecurityFile","C:\Windows\System32\KernelBase.dll","BUFFER OVERFLOW","Information: Owner"
"21:53:18.9066537","TestVirus.exe","31712","QuerySecurityFile","C:\Windows\System32\KernelBase.dll","SUCCESS","Information: Owner"
"21:53:18.9066705","TestVirus.exe","31712","CloseFile","C:\Windows\System32\KernelBase.dll","SUCCESS",""
"21:53:18.9067979","TestVirus.exe","31712","RegOpenKey","HKLM\Software\Microsoft\Windows NT\CurrentVersion\AppCompatFlags\SdbUpdates","SUCCESS","Desired Access: Read"
"21:53:18.9068392","TestVirus.exe","31712","RegQueryValue","HKLM\SOFTWARE\Microsoft\Windows NT\CurrentVersion\AppCompatFlags\SdbUpdates\StagedDelete_sysmain.sdb","NAME NOT FOUND","Length: 0"
"21:53:18.9068584","TestVirus.exe","31712","RegCloseKey","HKLM\SOFTWARE\Microsoft\Windows NT\CurrentVersion\AppCompatFlags\SdbUpdates","SUCCESS",""
"21:53:18.9068799","TestVirus.exe","31712","RegOpenKey","HKLM\Software\Microsoft\Windows NT\CurrentVersion\AppCompatFlags\SdbUpdates","SUCCESS","Desired Access: Read"
"21:53:18.9068976","TestVirus.exe","31712","RegQueryValue","HKLM\SOFTWARE\Microsoft\Windows NT\CurrentVersion\AppCompatFlags\SdbUpdates\sysmain.sdb","BUFFER TOO SMALL","Length: 0"
"21:53:18.9069455","TestVirus.exe","31712","RegQueryValue","HKLM\SOFTWARE\Microsoft\Windows NT\CurrentVersion\AppCompatFlags\SdbUpdates\sysmain.sdb","SUCCESS","Type: REG_SZ, Length: 58, Data: 01DD3567D0AE8D85.sysmain.sdb"
"21:53:18.9069761","TestVirus.exe","31712","RegQueryValue","HKLM\SOFTWARE\Microsoft\Windows NT\CurrentVersion\AppCompatFlags\SdbUpdates\MergeVer_sysmain.sdb","SUCCESS","Type: REG_DWORD, Length: 4, Data: 1"
"21:53:18.9069902","TestVirus.exe","31712","RegQueryValue","HKLM\SOFTWARE\Microsoft\Windows NT\CurrentVersion\AppCompatFlags\SdbUpdates\MergeVer","SUCCESS","Type: REG_DWORD, Length: 4, Data: 1"
"21:53:18.9070063","TestVirus.exe","31712","RegQueryValue","HKLM\SOFTWARE\Microsoft\Windows NT\CurrentVersion\AppCompatFlags\SdbUpdates\MinMergeVer","SUCCESS","Type: REG_DWORD, Length: 4, Data: 0"
"21:53:18.9072467","TestVirus.exe","31712","CreateFile","C:\Windows\apppatch\01DD3567D0AE8D85.sysmain.sdb","SUCCESS","Desired Access: Read Attributes, Disposition: Open, Options: Open Reparse Point, Attributes: n/a, ShareMode: Read, Write, Delete, AllocationSize: n/a, OpenResult: Opened"
"21:53:18.9073701","TestVirus.exe","31712","QueryStatInformation","C:\Windows\apppatch\01DD3567D0AE8D85.sysmain.sdb","SUCCESS",""
"21:53:18.9073960","TestVirus.exe","31712","CloseFile","C:\Windows\apppatch\01DD3567D0AE8D85.sysmain.sdb","SUCCESS",""
"21:53:18.9076282","TestVirus.exe","31712","CreateFile","C:\Windows\apppatch\sysmain.sdb","SUCCESS","Desired Access: Read Attributes, Disposition: Open, Options: Open Reparse Point, Attributes: n/a, ShareMode: Read, Write, Delete, AllocationSize: n/a, OpenResult: Opened"
"21:53:18.9077022","TestVirus.exe","31712","QueryStatInformation","C:\Windows\apppatch\sysmain.sdb","SUCCESS",""
"21:53:18.9077259","TestVirus.exe","31712","CloseFile","C:\Windows\apppatch\sysmain.sdb","SUCCESS",""
"21:53:18.9077797","TestVirus.exe","31712","RegOpenKey","HKLM\Software\Microsoft\Windows NT\CurrentVersion\AppCompatFlags\SdbUpdates","SUCCESS","Desired Access: Read"
"21:53:18.9078044","TestVirus.exe","31712","RegQueryValue","HKLM\SOFTWARE\Microsoft\Windows NT\CurrentVersion\AppCompatFlags\SdbUpdates\DisableDoubleQuerySdbs","NAME NOT FOUND","Length: 20"
"21:53:18.9078235","TestVirus.exe","31712","RegCloseKey","HKLM\SOFTWARE\Microsoft\Windows NT\CurrentVersion\AppCompatFlags\SdbUpdates","SUCCESS",""
"21:53:18.9078953","TestVirus.exe","31712","RegOpenKey","HKLM\Software\Microsoft\Windows NT\CurrentVersion\AppCompatFlags\SdbUpdates\ManifestedMergeStubSdbs","SUCCESS","Desired Access: Read"
"21:53:18.9079448","TestVirus.exe","31712","RegEnumValue","HKLM\SOFTWARE\Microsoft\Windows NT\CurrentVersion\AppCompatFlags\SdbUpdates\ManifestedMergeStubSdbs","SUCCESS","Index: 0, Type: REG_SZ, Length: 24, Data: sysmain.sdb"
"21:53:18.9080214","TestVirus.exe","31712","RegEnumValue","HKLM\SOFTWARE\Microsoft\Windows NT\CurrentVersion\AppCompatFlags\SdbUpdates\ManifestedMergeStubSdbs","SUCCESS","Index: 0, Type: REG_SZ"
"21:53:18.9080524","TestVirus.exe","31712","RegCloseKey","HKLM\SOFTWARE\Microsoft\Windows NT\CurrentVersion\AppCompatFlags\SdbUpdates\ManifestedMergeStubSdbs","SUCCESS",""
"21:53:18.9082577","TestVirus.exe","31712","CreateFile","C:\Windows\apppatch\MergeSdbFilesSource\sysMerge.sdb","SUCCESS","Desired Access: Read Attributes, Disposition: Open, Options: Open Reparse Point, Attributes: n/a, ShareMode: Read, Write, Delete, AllocationSize: n/a, OpenResult: Opened"
"21:53:18.9083450","TestVirus.exe","31712","QueryStatInformation","C:\Windows\apppatch\MergeSdbFilesSource\sysMerge.sdb","SUCCESS",""
"21:53:18.9083674","TestVirus.exe","31712","CloseFile","C:\Windows\apppatch\MergeSdbFilesSource\sysMerge.sdb","SUCCESS",""
"21:53:18.9084149","TestVirus.exe","31712","RegCloseKey","HKLM\SOFTWARE\Microsoft\Windows NT\CurrentVersion\AppCompatFlags\SdbUpdates","SUCCESS",""
"21:53:18.9085869","TestVirus.exe","31712","CreateFile","C:\Windows\apppatch\01DD3567D0AE8D85.sysmain.sdb","SUCCESS","Desired Access: Generic Read, Disposition: Open, Options: Synchronous IO Non-Alert, Non-Directory File, Attributes: N, ShareMode: Read, Delete, AllocationSize: n/a, OpenResult: Opened"
"21:53:18.9087148","TestVirus.exe","31712","QueryStandardInformationFile","C:\Windows\apppatch\01DD3567D0AE8D85.sysmain.sdb","SUCCESS","AllocationSize: 4,136,960, EndOfFile: 4,136,110, NumberOfLinks: 1, DeletePending: False, Directory: False"
"21:53:18.9087433","TestVirus.exe","31712","QueryStandardInformationFile","C:\Windows\apppatch\01DD3567D0AE8D85.sysmain.sdb","SUCCESS","AllocationSize: 4,136,960, EndOfFile: 4,136,110, NumberOfLinks: 1, DeletePending: False, Directory: False"
"21:53:18.9089334","TestVirus.exe","31712","CreateFileMapping","C:\Windows\apppatch\01DD3567D0AE8D85.sysmain.sdb","FILE LOCKED WITH ONLY READERS","SyncType: SyncTypeCreateSection, PageProtection: PAGE_READONLY"
"21:53:18.9089709","TestVirus.exe","31712","QueryStandardInformationFile","C:\Windows\apppatch\01DD3567D0AE8D85.sysmain.sdb","SUCCESS","AllocationSize: 4,136,960, EndOfFile: 4,136,110, NumberOfLinks: 1, DeletePending: False, Directory: False"
"21:53:18.9090260","TestVirus.exe","31712","CreateFileMapping","C:\Windows\apppatch\01DD3567D0AE8D85.sysmain.sdb","SUCCESS","SyncType: SyncTypeOther"
"21:53:18.9094079","TestVirus.exe","31712","RegOpenKey","HKLM\Software\Microsoft\Windows NT\CurrentVersion\AppCompatFlags\SdbUpdates","SUCCESS","Desired Access: Read"
"21:53:18.9094980","TestVirus.exe","31712","RegQueryValue","HKLM\SOFTWARE\Microsoft\Windows NT\CurrentVersion\AppCompatFlags\SdbUpdates\DisableDoubleQuerySdbs","NAME NOT FOUND","Length: 20"
"21:53:18.9096452","TestVirus.exe","31712","RegCloseKey","HKLM\SOFTWARE\Microsoft\Windows NT\CurrentVersion\AppCompatFlags\SdbUpdates","SUCCESS",""
"21:53:18.9097989","TestVirus.exe","31712","RegOpenKey","HKLM\Software\Microsoft\Windows NT\CurrentVersion\AppCompatFlags\SdbUpdates\ManifestedMergeStubSdbs","SUCCESS","Desired Access: Read"
"21:53:18.9102103","TestVirus.exe","31712","RegEnumValue","HKLM\SOFTWARE\Microsoft\Windows NT\CurrentVersion\AppCompatFlags\SdbUpdates\ManifestedMergeStubSdbs","SUCCESS","Index: 0, Type: REG_SZ, Length: 24, Data: sysmain.sdb"
"21:53:18.9113415","TestVirus.exe","31712","RegEnumValue","HKLM\SOFTWARE\Microsoft\Windows NT\CurrentVersion\AppCompatFlags\SdbUpdates\ManifestedMergeStubSdbs","SUCCESS","Index: 0, Type: REG_SZ"
"21:53:18.9113722","TestVirus.exe","31712","RegCloseKey","HKLM\SOFTWARE\Microsoft\Windows NT\CurrentVersion\AppCompatFlags\SdbUpdates\ManifestedMergeStubSdbs","SUCCESS",""
"21:53:18.9117313","TestVirus.exe","31712","RegOpenKey","HKLM\Software\Microsoft\Windows NT\CurrentVersion\AppCompatFlags\SdbUpdates","SUCCESS","Desired Access: Read"
"21:53:18.9118755","TestVirus.exe","31712","RegQueryValue","HKLM\SOFTWARE\Microsoft\Windows NT\CurrentVersion\AppCompatFlags\SdbUpdates\StagedDelete_sysMerge.sdb","NAME NOT FOUND","Length: 0"
"21:53:18.9119187","TestVirus.exe","31712","RegCloseKey","HKLM\SOFTWARE\Microsoft\Windows NT\CurrentVersion\AppCompatFlags\SdbUpdates","SUCCESS",""
"21:53:18.9120055","TestVirus.exe","31712","RegOpenKey","HKLM\Software\Microsoft\Windows NT\CurrentVersion\AppCompatFlags\SdbUpdates","SUCCESS","Desired Access: Read"
"21:53:18.9120827","TestVirus.exe","31712","RegQueryValue","HKLM\SOFTWARE\Microsoft\Windows NT\CurrentVersion\AppCompatFlags\SdbUpdates\sysMerge.sdb","BUFFER TOO SMALL","Length: 0"
"21:53:18.9121181","TestVirus.exe","31712","RegQueryValue","HKLM\SOFTWARE\Microsoft\Windows NT\CurrentVersion\AppCompatFlags\SdbUpdates\sysMerge.sdb","SUCCESS","Type: REG_SZ, Length: 58, Data: 01DD139BFED4EF25.sysmain.sdb"
"21:53:18.9121403","TestVirus.exe","31712","RegQueryValue","HKLM\SOFTWARE\Microsoft\Windows NT\CurrentVersion\AppCompatFlags\SdbUpdates\MergeVer_sysMerge.sdb","SUCCESS","Type: REG_DWORD, Length: 4, Data: 1"
"21:53:18.9121592","TestVirus.exe","31712","RegQueryValue","HKLM\SOFTWARE\Microsoft\Windows NT\CurrentVersion\AppCompatFlags\SdbUpdates\MergeVer","SUCCESS","Type: REG_DWORD, Length: 4, Data: 1"
"21:53:18.9121741","TestVirus.exe","31712","RegQueryValue","HKLM\SOFTWARE\Microsoft\Windows NT\CurrentVersion\AppCompatFlags\SdbUpdates\MinMergeVer","SUCCESS","Type: REG_DWORD, Length: 4, Data: 0"
"21:53:18.9124703","TestVirus.exe","31712","CreateFile","C:\Windows\apppatch\MergeSdbFilesSource\01DD139BFED4EF25.sysmain.sdb","SUCCESS","Desired Access: Read Attributes, Disposition: Open, Options: Open Reparse Point, Attributes: n/a, ShareMode: Read, Write, Delete, AllocationSize: n/a, OpenResult: Opened"
"21:53:18.9125393","TestVirus.exe","31712","QueryStatInformation","C:\Windows\apppatch\MergeSdbFilesSource\01DD139BFED4EF25.sysmain.sdb","SUCCESS",""
"21:53:18.9125669","TestVirus.exe","31712","CloseFile","C:\Windows\apppatch\MergeSdbFilesSource\01DD139BFED4EF25.sysmain.sdb","SUCCESS",""
"21:53:18.9128301","TestVirus.exe","31712","CreateFile","C:\Windows\apppatch\MergeSdbFilesSource\sysMerge.sdb","SUCCESS","Desired Access: Read Attributes, Disposition: Open, Options: Open Reparse Point, Attributes: n/a, ShareMode: Read, Write, Delete, AllocationSize: n/a, OpenResult: Opened"
"21:53:18.9128939","TestVirus.exe","31712","QueryStatInformation","C:\Windows\apppatch\MergeSdbFilesSource\sysMerge.sdb","SUCCESS",""
"21:53:18.9129167","TestVirus.exe","31712","CloseFile","C:\Windows\apppatch\MergeSdbFilesSource\sysMerge.sdb","SUCCESS",""
"21:53:18.9129706","TestVirus.exe","31712","RegOpenKey","HKLM\Software\Microsoft\Windows NT\CurrentVersion\AppCompatFlags\SdbUpdates","SUCCESS","Desired Access: Read"
"21:53:18.9130615","TestVirus.exe","31712","RegQueryValue","HKLM\SOFTWARE\Microsoft\Windows NT\CurrentVersion\AppCompatFlags\SdbUpdates\DisableDoubleQuerySdbs","NAME NOT FOUND","Length: 20"
"21:53:18.9130824","TestVirus.exe","31712","RegCloseKey","HKLM\SOFTWARE\Microsoft\Windows NT\CurrentVersion\AppCompatFlags\SdbUpdates","SUCCESS",""
"21:53:18.9131084","TestVirus.exe","31712","RegOpenKey","HKLM\Software\Microsoft\Windows NT\CurrentVersion\AppCompatFlags\SdbUpdates\ManifestedMergeStubSdbs","SUCCESS","Desired Access: Read"
"21:53:18.9131382","TestVirus.exe","31712","RegEnumValue","HKLM\SOFTWARE\Microsoft\Windows NT\CurrentVersion\AppCompatFlags\SdbUpdates\ManifestedMergeStubSdbs","SUCCESS","Index: 0, Type: REG_SZ, Length: 24, Data: sysmain.sdb"
"21:53:18.9131617","TestVirus.exe","31712","RegEnumValue","HKLM\SOFTWARE\Microsoft\Windows NT\CurrentVersion\AppCompatFlags\SdbUpdates\ManifestedMergeStubSdbs","SUCCESS","Index: 1, Type: REG_SZ, Length: 24, Data: msimain.sdb"
"21:53:18.9131759","TestVirus.exe","31712","RegEnumValue","HKLM\SOFTWARE\Microsoft\Windows NT\CurrentVersion\AppCompatFlags\SdbUpdates\ManifestedMergeStubSdbs","NO MORE ENTRIES","Index: 2, Length: 42"
"21:53:18.9132090","TestVirus.exe","31712","RegCloseKey","HKLM\SOFTWARE\Microsoft\Windows NT\CurrentVersion\AppCompatFlags\SdbUpdates\ManifestedMergeStubSdbs","SUCCESS",""
"21:53:18.9132667","TestVirus.exe","31712","RegCloseKey","HKLM\SOFTWARE\Microsoft\Windows NT\CurrentVersion\AppCompatFlags\SdbUpdates","SUCCESS",""
"21:53:18.9138406","TestVirus.exe","31712","CreateFile","C:\Users\Maahir\AppData\Local\Temp\RarSFX1\TestVirus.exe","SUCCESS","Desired Access: Generic Read, Disposition: Open, Options: Synchronous IO Non-Alert, Non-Directory File, Attributes: N, ShareMode: Read, AllocationSize: n/a, OpenResult: Opened"
"21:53:18.9139302","TestVirus.exe","31712","RegOpenKey","HKCU\Software\Microsoft\Windows\CurrentVersion\Explorer\Shell Folders","SUCCESS","Desired Access: Query Value"
"21:53:18.9139713","TestVirus.exe","31712","RegQueryValue","HKCU\Software\Microsoft\Windows\CurrentVersion\Explorer\Shell Folders\Cache","SUCCESS","Type: REG_SZ, Length: 116, Data: C:\Users\Maahir\AppData\Local\Microsoft\Windows\INetCache"
"21:53:18.9139986","TestVirus.exe","31712","RegCloseKey","HKCU\Software\Microsoft\Windows\CurrentVersion\Explorer\Shell Folders","SUCCESS",""
"21:53:18.9140301","TestVirus.exe","31712","QuerySecurityFile","C:\Users\Maahir\AppData\Local\Temp\RarSFX1\TestVirus.exe","SUCCESS","Information: Owner, Group, DACL, SACL, Label, Attribute, Process Trust Label, 0x100"
"21:53:18.9142354","TestVirus.exe","31712","CreateFile","C:\Windows\apppatch\sysmain.sdb","SUCCESS","Desired Access: Read Attributes, Disposition: Open, Options: Open For Backup, Open Reparse Point, Attributes: n/a, ShareMode: Read, Write, Delete, AllocationSize: n/a, OpenResult: Opened"
"21:53:18.9143102","TestVirus.exe","31712","QueryStatInformation","C:\Windows\apppatch\sysmain.sdb","SUCCESS",""
"21:53:18.9143357","TestVirus.exe","31712","CloseFile","C:\Windows\apppatch\sysmain.sdb","SUCCESS",""
"21:53:18.9144109","TestVirus.exe","31712","RegOpenKey","HKLM\Software\Microsoft\Windows NT\CurrentVersion\AppCompatFlags\SdbUpdates","SUCCESS","Desired Access: Read"
"21:53:18.9144405","TestVirus.exe","31712","RegQueryValue","HKLM\SOFTWARE\Microsoft\Windows NT\CurrentVersion\AppCompatFlags\SdbUpdates\DisableDoubleQuerySdbs","NAME NOT FOUND","Length: 20"
"21:53:18.9144788","TestVirus.exe","31712","RegCloseKey","HKLM\SOFTWARE\Microsoft\Windows NT\CurrentVersion\AppCompatFlags\SdbUpdates","SUCCESS",""
"21:53:18.9147330","TestVirus.exe","31712","RegOpenKey","HKLM\Software\Microsoft\Windows NT\CurrentVersion\AppCompatFlags\SdbUpdates\ManifestedMergeStubSdbs","SUCCESS","Desired Access: Read"
"21:53:18.9148758","TestVirus.exe","31712","RegEnumValue","HKLM\SOFTWARE\Microsoft\Windows NT\CurrentVersion\AppCompatFlags\SdbUpdates\ManifestedMergeStubSdbs","SUCCESS","Index: 0, Type: REG_SZ, Length: 24, Data: sysmain.sdb"
"21:53:18.9149534","TestVirus.exe","31712","RegEnumValue","HKLM\SOFTWARE\Microsoft\Windows NT\CurrentVersion\AppCompatFlags\SdbUpdates\ManifestedMergeStubSdbs","SUCCESS","Index: 0, Type: REG_SZ"
"21:53:18.9151226","TestVirus.exe","31712","RegCloseKey","HKLM\SOFTWARE\Microsoft\Windows NT\CurrentVersion\AppCompatFlags\SdbUpdates\ManifestedMergeStubSdbs","SUCCESS",""
"21:53:18.9152644","TestVirus.exe","31712","RegOpenKey","HKLM\Software\Microsoft\Windows NT\CurrentVersion\AppCompatFlags\SdbUpdates","SUCCESS","Desired Access: Read"
"21:53:18.9153534","TestVirus.exe","31712","RegQueryValue","HKLM\SOFTWARE\Microsoft\Windows NT\CurrentVersion\AppCompatFlags\SdbUpdates\StagedDelete_sysMerge.sdb","NAME NOT FOUND","Length: 0"
"21:53:18.9154925","TestVirus.exe","31712","RegCloseKey","HKLM\SOFTWARE\Microsoft\Windows NT\CurrentVersion\AppCompatFlags\SdbUpdates","SUCCESS",""
"21:53:18.9155528","TestVirus.exe","31712","RegOpenKey","HKLM\Software\Microsoft\Windows NT\CurrentVersion\AppCompatFlags\SdbUpdates","SUCCESS","Desired Access: Read"
"21:53:18.9156333","TestVirus.exe","31712","RegQueryValue","HKLM\SOFTWARE\Microsoft\Windows NT\CurrentVersion\AppCompatFlags\SdbUpdates\sysMerge.sdb","BUFFER TOO SMALL","Length: 0"
"21:53:18.9156519","TestVirus.exe","31712","RegQueryValue","HKLM\SOFTWARE\Microsoft\Windows NT\CurrentVersion\AppCompatFlags\SdbUpdates\sysMerge.sdb","SUCCESS","Type: REG_SZ, Length: 58, Data: 01DD139BFED4EF25.sysmain.sdb"
"21:53:18.9156741","TestVirus.exe","31712","RegQueryValue","HKLM\SOFTWARE\Microsoft\Windows NT\CurrentVersion\AppCompatFlags\SdbUpdates\MergeVer_sysMerge.sdb","SUCCESS","Type: REG_DWORD, Length: 4, Data: 1"
"21:53:18.9156927","TestVirus.exe","31712","RegQueryValue","HKLM\SOFTWARE\Microsoft\Windows NT\CurrentVersion\AppCompatFlags\SdbUpdates\MergeVer","SUCCESS","Type: REG_DWORD, Length: 4, Data: 1"
"21:53:18.9157078","TestVirus.exe","31712","RegQueryValue","HKLM\SOFTWARE\Microsoft\Windows NT\CurrentVersion\AppCompatFlags\SdbUpdates\MinMergeVer","SUCCESS","Type: REG_DWORD, Length: 4, Data: 0"
"21:53:18.9159166","TestVirus.exe","31712","CreateFile","C:\Windows\apppatch\MergeSdbFilesSource\01DD139BFED4EF25.sysmain.sdb","SUCCESS","Desired Access: Read Attributes, Disposition: Open, Options: Open For Backup, Open Reparse Point, Attributes: n/a, ShareMode: Read, Write, Delete, AllocationSize: n/a, OpenResult: Opened"
"21:53:18.9159742","TestVirus.exe","31712","QueryStatInformation","C:\Windows\apppatch\MergeSdbFilesSource\01DD139BFED4EF25.sysmain.sdb","SUCCESS",""
"21:53:18.9160018","TestVirus.exe","31712","CloseFile","C:\Windows\apppatch\MergeSdbFilesSource\01DD139BFED4EF25.sysmain.sdb","SUCCESS",""
"21:53:18.9163882","TestVirus.exe","31712","CreateFile","C:\Windows\apppatch\MergeSdbFilesSource\sysMerge.sdb","SUCCESS","Desired Access: Read Attributes, Disposition: Open, Options: Open For Backup, Open Reparse Point, Attributes: n/a, ShareMode: Read, Write, Delete, AllocationSize: n/a, OpenResult: Opened"
"21:53:18.9166048","TestVirus.exe","31712","QueryStatInformation","C:\Windows\apppatch\MergeSdbFilesSource\sysMerge.sdb","SUCCESS",""
"21:53:18.9166395","TestVirus.exe","31712","CloseFile","C:\Windows\apppatch\MergeSdbFilesSource\sysMerge.sdb","SUCCESS",""
"21:53:18.9170552","TestVirus.exe","31712","RegOpenKey","HKLM\Software\Microsoft\Windows NT\CurrentVersion\AppCompatFlags\SdbUpdates","SUCCESS","Desired Access: Read"
"21:53:18.9170952","TestVirus.exe","31712","RegQueryValue","HKLM\SOFTWARE\Microsoft\Windows NT\CurrentVersion\AppCompatFlags\SdbUpdates\DisableDoubleQuerySdbs","NAME NOT FOUND","Length: 20"
"21:53:18.9171194","TestVirus.exe","31712","RegCloseKey","HKLM\SOFTWARE\Microsoft\Windows NT\CurrentVersion\AppCompatFlags\SdbUpdates","SUCCESS",""
"21:53:18.9173589","TestVirus.exe","31712","RegOpenKey","HKLM\Software\Microsoft\Windows NT\CurrentVersion\AppCompatFlags\SdbUpdates\ManifestedMergeStubSdbs","SUCCESS","Desired Access: Read"
"21:53:18.9181590","TestVirus.exe","31712","RegEnumValue","HKLM\SOFTWARE\Microsoft\Windows NT\CurrentVersion\AppCompatFlags\SdbUpdates\ManifestedMergeStubSdbs","SUCCESS","Index: 0, Type: REG_SZ, Length: 24, Data: sysmain.sdb"
"21:53:18.9182277","TestVirus.exe","31712","RegEnumValue","HKLM\SOFTWARE\Microsoft\Windows NT\CurrentVersion\AppCompatFlags\SdbUpdates\ManifestedMergeStubSdbs","SUCCESS","Index: 1, Type: REG_SZ, Length: 24, Data: msimain.sdb"
"21:53:18.9184066","TestVirus.exe","31712","RegEnumValue","HKLM\SOFTWARE\Microsoft\Windows NT\CurrentVersion\AppCompatFlags\SdbUpdates\ManifestedMergeStubSdbs","NO MORE ENTRIES","Index: 2, Length: 42"
"21:53:18.9184358","TestVirus.exe","31712","RegCloseKey","HKLM\SOFTWARE\Microsoft\Windows NT\CurrentVersion\AppCompatFlags\SdbUpdates\ManifestedMergeStubSdbs","SUCCESS",""
"21:53:18.9184620","TestVirus.exe","31712","RegCloseKey","HKLM\SOFTWARE\Microsoft\Windows NT\CurrentVersion\AppCompatFlags\SdbUpdates","SUCCESS",""
"21:53:18.9187542","TestVirus.exe","31712","CreateFile","C:\Windows\apppatch\MergeSdbFilesSource\sysMerge.sdb","SUCCESS","Desired Access: Read Attributes, Disposition: Open, Options: Open For Backup, Open Reparse Point, Attributes: n/a, ShareMode: Read, Write, Delete, AllocationSize: n/a, OpenResult: Opened"
"21:53:18.9188696","TestVirus.exe","31712","QueryStatInformation","C:\Windows\apppatch\MergeSdbFilesSource\sysMerge.sdb","SUCCESS",""
"21:53:18.9189560","TestVirus.exe","31712","CloseFile","C:\Windows\apppatch\MergeSdbFilesSource\sysMerge.sdb","SUCCESS",""
"21:53:18.9192734","TestVirus.exe","31712","RegOpenKey","HKLM\Software\Microsoft\Windows NT\CurrentVersion\AppCompatFlags\SdbUpdates","SUCCESS","Desired Access: Read"
"21:53:18.9193275","TestVirus.exe","31712","RegQueryValue","HKLM\SOFTWARE\Microsoft\Windows NT\CurrentVersion\AppCompatFlags\SdbUpdates\StagedDelete_sysmain.sdb","NAME NOT FOUND","Length: 0"
"21:53:18.9193599","TestVirus.exe","31712","RegCloseKey","HKLM\SOFTWARE\Microsoft\Windows NT\CurrentVersion\AppCompatFlags\SdbUpdates","SUCCESS",""
"21:53:18.9193985","TestVirus.exe","31712","RegOpenKey","HKLM\Software\Microsoft\Windows NT\CurrentVersion\AppCompatFlags\SdbUpdates","SUCCESS","Desired Access: Read"
"21:53:18.9194258","TestVirus.exe","31712","RegQueryValue","HKLM\SOFTWARE\Microsoft\Windows NT\CurrentVersion\AppCompatFlags\SdbUpdates\sysmain.sdb","BUFFER TOO SMALL","Length: 0"
"21:53:18.9194473","TestVirus.exe","31712","RegQueryValue","HKLM\SOFTWARE\Microsoft\Windows NT\CurrentVersion\AppCompatFlags\SdbUpdates\sysmain.sdb","SUCCESS","Type: REG_SZ, Length: 58, Data: 01DD3567D0AE8D85.sysmain.sdb"
"21:53:18.9194790","TestVirus.exe","31712","RegQueryValue","HKLM\SOFTWARE\Microsoft\Windows NT\CurrentVersion\AppCompatFlags\SdbUpdates\MergeVer_sysmain.sdb","SUCCESS","Type: REG_DWORD, Length: 4, Data: 1"
"21:53:18.9194998","TestVirus.exe","31712","RegQueryValue","HKLM\SOFTWARE\Microsoft\Windows NT\CurrentVersion\AppCompatFlags\SdbUpdates\MergeVer","SUCCESS","Type: REG_DWORD, Length: 4, Data: 1"
"21:53:18.9195359","TestVirus.exe","31712","RegQueryValue","HKLM\SOFTWARE\Microsoft\Windows NT\CurrentVersion\AppCompatFlags\SdbUpdates\MinMergeVer","SUCCESS","Type: REG_DWORD, Length: 4, Data: 0"
"21:53:18.9200048","TestVirus.exe","31712","CreateFile","C:\Windows\apppatch\01DD3567D0AE8D85.sysmain.sdb","SUCCESS","Desired Access: Read Attributes, Disposition: Open, Options: Open For Backup, Open Reparse Point, Attributes: n/a, ShareMode: Read, Write, Delete, AllocationSize: n/a, OpenResult: Opened"
"21:53:18.9200713","TestVirus.exe","31712","QueryStatInformation","C:\Windows\apppatch\01DD3567D0AE8D85.sysmain.sdb","SUCCESS",""
"21:53:18.9201106","TestVirus.exe","31712","CloseFile","C:\Windows\apppatch\01DD3567D0AE8D85.sysmain.sdb","SUCCESS",""
"21:53:18.9206547","TestVirus.exe","31712","CreateFile","C:\Windows\apppatch\sysmain.sdb","SUCCESS","Desired Access: Read Attributes, Disposition: Open, Options: Open For Backup, Open Reparse Point, Attributes: n/a, ShareMode: Read, Write, Delete, AllocationSize: n/a, OpenResult: Opened"
"21:53:18.9207855","TestVirus.exe","31712","QueryStatInformation","C:\Windows\apppatch\sysmain.sdb","SUCCESS",""
"21:53:18.9208363","TestVirus.exe","31712","CloseFile","C:\Windows\apppatch\sysmain.sdb","SUCCESS",""
"21:53:18.9209045","TestVirus.exe","31712","RegOpenKey","HKLM\Software\Microsoft\Windows NT\CurrentVersion\AppCompatFlags\SdbUpdates","SUCCESS","Desired Access: Read"
"21:53:18.9211773","TestVirus.exe","31712","RegQueryValue","HKLM\SOFTWARE\Microsoft\Windows NT\CurrentVersion\AppCompatFlags\SdbUpdates\DisableDoubleQuerySdbs","NAME NOT FOUND","Length: 20"
"21:53:18.9212066","TestVirus.exe","31712","RegCloseKey","HKLM\SOFTWARE\Microsoft\Windows NT\CurrentVersion\AppCompatFlags\SdbUpdates","SUCCESS",""
"21:53:18.9212383","TestVirus.exe","31712","RegOpenKey","HKLM\Software\Microsoft\Windows NT\CurrentVersion\AppCompatFlags\SdbUpdates\ManifestedMergeStubSdbs","SUCCESS","Desired Access: Read"
"21:53:18.9212718","TestVirus.exe","31712","RegEnumValue","HKLM\SOFTWARE\Microsoft\Windows NT\CurrentVersion\AppCompatFlags\SdbUpdates\ManifestedMergeStubSdbs","SUCCESS","Index: 0, Type: REG_SZ, Length: 24, Data: sysmain.sdb"
"21:53:18.9212909","TestVirus.exe","31712","RegEnumValue","HKLM\SOFTWARE\Microsoft\Windows NT\CurrentVersion\AppCompatFlags\SdbUpdates\ManifestedMergeStubSdbs","SUCCESS","Index: 0, Type: REG_SZ"
"21:53:18.9213135","TestVirus.exe","31712","RegCloseKey","HKLM\SOFTWARE\Microsoft\Windows NT\CurrentVersion\AppCompatFlags\SdbUpdates\ManifestedMergeStubSdbs","SUCCESS",""
"21:53:18.9215090","TestVirus.exe","31712","CreateFile","C:\Windows\apppatch\MergeSdbFilesSource\sysMerge.sdb","SUCCESS","Desired Access: Read Attributes, Disposition: Open, Options: Open For Backup, Open Reparse Point, Attributes: n/a, ShareMode: Read, Write, Delete, AllocationSize: n/a, OpenResult: Opened"
"21:53:18.9215747","TestVirus.exe","31712","QueryStatInformation","C:\Windows\apppatch\MergeSdbFilesSource\sysMerge.sdb","SUCCESS",""
"21:53:18.9216022","TestVirus.exe","31712","CloseFile","C:\Windows\apppatch\MergeSdbFilesSource\sysMerge.sdb","SUCCESS",""
"21:53:18.9216545","TestVirus.exe","31712","RegCloseKey","HKLM\SOFTWARE\Microsoft\Windows NT\CurrentVersion\AppCompatFlags\SdbUpdates","SUCCESS",""
"21:53:18.9218685","TestVirus.exe","31712","CreateFile","C:\Windows\apppatch\01DD3567D0AE8D85.sysmain.sdb","SUCCESS","Desired Access: Read Attributes, Disposition: Open, Options: Open For Backup, Open Reparse Point, Attributes: n/a, ShareMode: Read, Write, Delete, AllocationSize: n/a, OpenResult: Opened"
"21:53:18.9219120","TestVirus.exe","31712","QueryStatInformation","C:\Windows\apppatch\01DD3567D0AE8D85.sysmain.sdb","SUCCESS",""
"21:53:18.9219775","TestVirus.exe","31712","CloseFile","C:\Windows\apppatch\01DD3567D0AE8D85.sysmain.sdb","SUCCESS",""
"21:53:18.9220345","TestVirus.exe","31712","QueryBasicInformationFile","C:\Users\Maahir\AppData\Local\Temp\RarSFX1\TestVirus.exe","SUCCESS","CreationTime: 06/09/2026 21:53:17, LastAccessTime: 06/09/2026 21:53:18, LastWriteTime: 09/06/2026 14:52:30, ChangeTime: 06/09/2026 21:53:18, FileAttributes: A"
"21:53:18.9220956","TestVirus.exe","31712","CloseFile","C:\Users\Maahir\AppData\Local\Temp\RarSFX1\TestVirus.exe","SUCCESS",""
"21:53:18.9226237","TestVirus.exe","31712","CreateFile","C:\Users\Maahir\AppData\Local\Temp\RarSFX1\TestVirus.exe","SUCCESS","Desired Access: Generic Read, Disposition: Open, Options: Synchronous IO Non-Alert, Non-Directory File, Attributes: N, ShareMode: Read, AllocationSize: n/a, OpenResult: Opened"
"21:53:18.9228904","TestVirus.exe","31712","RegOpenKey","HKCU\Software\Microsoft\Windows\CurrentVersion\Explorer\Shell Folders","SUCCESS","Desired Access: Query Value"
"21:53:18.9229286","TestVirus.exe","31712","RegQueryValue","HKCU\Software\Microsoft\Windows\CurrentVersion\Explorer\Shell Folders\Cache","SUCCESS","Type: REG_SZ, Length: 116, Data: C:\Users\Maahir\AppData\Local\Microsoft\Windows\INetCache"
"21:53:18.9229554","TestVirus.exe","31712","RegCloseKey","HKCU\Software\Microsoft\Windows\CurrentVersion\Explorer\Shell Folders","SUCCESS",""
"21:53:18.9229910","TestVirus.exe","31712","QuerySecurityFile","C:\Users\Maahir\AppData\Local\Temp\RarSFX1\TestVirus.exe","SUCCESS","Information: Owner, Group, DACL, SACL, Label, Attribute, Process Trust Label, 0x100"
"21:53:18.9231218","TestVirus.exe","31712","QueryBasicInformationFile","C:\Users\Maahir\AppData\Local\Temp\RarSFX1\TestVirus.exe","SUCCESS","CreationTime: 06/09/2026 21:53:17, LastAccessTime: 06/09/2026 21:53:18, LastWriteTime: 09/06/2026 14:52:30, ChangeTime: 06/09/2026 21:53:18, FileAttributes: A"
"21:53:18.9231609","TestVirus.exe","31712","CloseFile","C:\Users\Maahir\AppData\Local\Temp\RarSFX1\TestVirus.exe","SUCCESS",""
"21:53:18.9236569","TestVirus.exe","31712","CloseFile","C:\Windows\apppatch\01DD3567D0AE8D85.sysmain.sdb","SUCCESS",""
"21:53:18.9240761","TestVirus.exe","31712","CreateFile","C:\Users\Maahir\AppData\Local\Temp\RarSFX1\TestVirus.exe","SUCCESS","Desired Access: Generic Read, Disposition: Open, Options: Synchronous IO Non-Alert, Non-Directory File, Attributes: N, ShareMode: Read, AllocationSize: n/a, OpenResult: Opened"
"21:53:18.9241970","TestVirus.exe","31712","RegOpenKey","HKCU\Software\Microsoft\Windows\CurrentVersion\Explorer\Shell Folders","SUCCESS","Desired Access: Query Value"
"21:53:18.9242299","TestVirus.exe","31712","RegQueryValue","HKCU\Software\Microsoft\Windows\CurrentVersion\Explorer\Shell Folders\Cache","SUCCESS","Type: REG_SZ, Length: 116, Data: C:\Users\Maahir\AppData\Local\Microsoft\Windows\INetCache"
"21:53:18.9243507","TestVirus.exe","31712","RegCloseKey","HKCU\Software\Microsoft\Windows\CurrentVersion\Explorer\Shell Folders","SUCCESS",""
"21:53:18.9246643","TestVirus.exe","31712","QuerySecurityFile","C:\Users\Maahir\AppData\Local\Temp\RarSFX1\TestVirus.exe","SUCCESS","Information: Owner, Group, DACL, SACL, Label, Attribute, Process Trust Label, 0x100"
"21:53:18.9248695","TestVirus.exe","31712","CreateFile","C:\Windows\apppatch\sysmain.sdb","SUCCESS","Desired Access: Read Attributes, Disposition: Open, Options: Open For Backup, Open Reparse Point, Attributes: n/a, ShareMode: Read, Write, Delete, AllocationSize: n/a, OpenResult: Opened"
"21:53:18.9249432","TestVirus.exe","31712","QueryStatInformation","C:\Windows\apppatch\sysmain.sdb","SUCCESS",""
"21:53:18.9249772","TestVirus.exe","31712","CloseFile","C:\Windows\apppatch\sysmain.sdb","SUCCESS",""
"21:53:18.9250381","TestVirus.exe","31712","RegOpenKey","HKLM\Software\Microsoft\Windows NT\CurrentVersion\AppCompatFlags\SdbUpdates","SUCCESS","Desired Access: Read"
"21:53:18.9250665","TestVirus.exe","31712","RegQueryValue","HKLM\SOFTWARE\Microsoft\Windows NT\CurrentVersion\AppCompatFlags\SdbUpdates\DisableDoubleQuerySdbs","NAME NOT FOUND","Length: 20"
"21:53:18.9250895","TestVirus.exe","31712","RegCloseKey","HKLM\SOFTWARE\Microsoft\Windows NT\CurrentVersion\AppCompatFlags\SdbUpdates","SUCCESS",""
"21:53:18.9251112","TestVirus.exe","31712","RegOpenKey","HKLM\Software\Microsoft\Windows NT\CurrentVersion\AppCompatFlags\SdbUpdates\ManifestedMergeStubSdbs","SUCCESS","Desired Access: Read"
"21:53:18.9251771","TestVirus.exe","31712","RegEnumValue","HKLM\SOFTWARE\Microsoft\Windows NT\CurrentVersion\AppCompatFlags\SdbUpdates\ManifestedMergeStubSdbs","SUCCESS","Index: 0, Type: REG_SZ, Length: 24, Data: sysmain.sdb"
"21:53:18.9252794","TestVirus.exe","31712","RegEnumValue","HKLM\SOFTWARE\Microsoft\Windows NT\CurrentVersion\AppCompatFlags\SdbUpdates\ManifestedMergeStubSdbs","SUCCESS","Index: 0, Type: REG_SZ"
"21:53:18.9253053","TestVirus.exe","31712","RegCloseKey","HKLM\SOFTWARE\Microsoft\Windows NT\CurrentVersion\AppCompatFlags\SdbUpdates\ManifestedMergeStubSdbs","SUCCESS",""
"21:53:18.9253318","TestVirus.exe","31712","RegOpenKey","HKLM\Software\Microsoft\Windows NT\CurrentVersion\AppCompatFlags\SdbUpdates","SUCCESS","Desired Access: Read"
"21:53:18.9253572","TestVirus.exe","31712","RegQueryValue","HKLM\SOFTWARE\Microsoft\Windows NT\CurrentVersion\AppCompatFlags\SdbUpdates\StagedDelete_sysMerge.sdb","NAME NOT FOUND","Length: 0"
"21:53:18.9253786","TestVirus.exe","31712","RegCloseKey","HKLM\SOFTWARE\Microsoft\Windows NT\CurrentVersion\AppCompatFlags\SdbUpdates","SUCCESS",""
"21:53:18.9254018","TestVirus.exe","31712","RegOpenKey","HKLM\Software\Microsoft\Windows NT\CurrentVersion\AppCompatFlags\SdbUpdates","SUCCESS","Desired Access: Read"
"21:53:18.9254216","TestVirus.exe","31712","RegQueryValue","HKLM\SOFTWARE\Microsoft\Windows NT\CurrentVersion\AppCompatFlags\SdbUpdates\sysMerge.sdb","BUFFER TOO SMALL","Length: 0"
"21:53:18.9254403","TestVirus.exe","31712","RegQueryValue","HKLM\SOFTWARE\Microsoft\Windows NT\CurrentVersion\AppCompatFlags\SdbUpdates\sysMerge.sdb","SUCCESS","Type: REG_SZ, Length: 58, Data: 01DD139BFED4EF25.sysmain.sdb"
"21:53:18.9254621","TestVirus.exe","31712","RegQueryValue","HKLM\SOFTWARE\Microsoft\Windows NT\CurrentVersion\AppCompatFlags\SdbUpdates\MergeVer_sysMerge.sdb","SUCCESS","Type: REG_DWORD, Length: 4, Data: 1"
"21:53:18.9254800","TestVirus.exe","31712","RegQueryValue","HKLM\SOFTWARE\Microsoft\Windows NT\CurrentVersion\AppCompatFlags\SdbUpdates\MergeVer","SUCCESS","Type: REG_DWORD, Length: 4, Data: 1"
"21:53:18.9255048","TestVirus.exe","31712","RegQueryValue","HKLM\SOFTWARE\Microsoft\Windows NT\CurrentVersion\AppCompatFlags\SdbUpdates\MinMergeVer","SUCCESS","Type: REG_DWORD, Length: 4, Data: 0"
"21:53:18.9264761","TestVirus.exe","31712","CreateFile","C:\Windows\apppatch\MergeSdbFilesSource\01DD139BFED4EF25.sysmain.sdb","SUCCESS","Desired Access: Read Attributes, Disposition: Open, Options: Open For Backup, Open Reparse Point, Attributes: n/a, ShareMode: Read, Write, Delete, AllocationSize: n/a, OpenResult: Opened"
"21:53:18.9265593","TestVirus.exe","31712","QueryStatInformation","C:\Windows\apppatch\MergeSdbFilesSource\01DD139BFED4EF25.sysmain.sdb","SUCCESS",""
"21:53:18.9268386","TestVirus.exe","31712","CloseFile","C:\Windows\apppatch\MergeSdbFilesSource\01DD139BFED4EF25.sysmain.sdb","SUCCESS",""
"21:53:18.9272846","TestVirus.exe","31712","CreateFile","C:\Windows\apppatch\MergeSdbFilesSource\sysMerge.sdb","SUCCESS","Desired Access: Read Attributes, Disposition: Open, Options: Open For Backup, Open Reparse Point, Attributes: n/a, ShareMode: Read, Write, Delete, AllocationSize: n/a, OpenResult: Opened"
"21:53:18.9273544","TestVirus.exe","31712","QueryStatInformation","C:\Windows\apppatch\MergeSdbFilesSource\sysMerge.sdb","SUCCESS",""
"21:53:18.9273842","TestVirus.exe","31712","CloseFile","C:\Windows\apppatch\MergeSdbFilesSource\sysMerge.sdb","SUCCESS",""
"21:53:18.9274369","TestVirus.exe","31712","RegOpenKey","HKLM\Software\Microsoft\Windows NT\CurrentVersion\AppCompatFlags\SdbUpdates","SUCCESS","Desired Access: Read"
"21:53:18.9274648","TestVirus.exe","31712","RegQueryValue","HKLM\SOFTWARE\Microsoft\Windows NT\CurrentVersion\AppCompatFlags\SdbUpdates\DisableDoubleQuerySdbs","NAME NOT FOUND","Length: 20"
"21:53:18.9274863","TestVirus.exe","31712","RegCloseKey","HKLM\SOFTWARE\Microsoft\Windows NT\CurrentVersion\AppCompatFlags\SdbUpdates","SUCCESS",""
"21:53:18.9275116","TestVirus.exe","31712","RegOpenKey","HKLM\Software\Microsoft\Windows NT\CurrentVersion\AppCompatFlags\SdbUpdates\ManifestedMergeStubSdbs","SUCCESS","Desired Access: Read"
"21:53:18.9275346","TestVirus.exe","31712","RegEnumValue","HKLM\SOFTWARE\Microsoft\Windows NT\CurrentVersion\AppCompatFlags\SdbUpdates\ManifestedMergeStubSdbs","SUCCESS","Index: 0, Type: REG_SZ, Length: 24, Data: sysmain.sdb"
"21:53:18.9275590","TestVirus.exe","31712","RegEnumValue","HKLM\SOFTWARE\Microsoft\Windows NT\CurrentVersion\AppCompatFlags\SdbUpdates\ManifestedMergeStubSdbs","SUCCESS","Index: 1, Type: REG_SZ, Length: 24, Data: msimain.sdb"
"21:53:18.9275743","TestVirus.exe","31712","RegEnumValue","HKLM\SOFTWARE\Microsoft\Windows NT\CurrentVersion\AppCompatFlags\SdbUpdates\ManifestedMergeStubSdbs","NO MORE ENTRIES","Index: 2, Length: 42"
"21:53:18.9275928","TestVirus.exe","31712","RegCloseKey","HKLM\SOFTWARE\Microsoft\Windows NT\CurrentVersion\AppCompatFlags\SdbUpdates\ManifestedMergeStubSdbs","SUCCESS",""
"21:53:18.9276095","TestVirus.exe","31712","RegCloseKey","HKLM\SOFTWARE\Microsoft\Windows NT\CurrentVersion\AppCompatFlags\SdbUpdates","SUCCESS",""
"21:53:18.9277862","TestVirus.exe","31712","CreateFile","C:\Windows\apppatch\MergeSdbFilesSource\sysMerge.sdb","SUCCESS","Desired Access: Read Attributes, Disposition: Open, Options: Open For Backup, Open Reparse Point, Attributes: n/a, ShareMode: Read, Write, Delete, AllocationSize: n/a, OpenResult: Opened"
"21:53:18.9278831","TestVirus.exe","31712","QueryStatInformation","C:\Windows\apppatch\MergeSdbFilesSource\sysMerge.sdb","SUCCESS",""
"21:53:18.9279078","TestVirus.exe","31712","CloseFile","C:\Windows\apppatch\MergeSdbFilesSource\sysMerge.sdb","SUCCESS",""
"21:53:18.9279626","TestVirus.exe","31712","RegOpenKey","HKLM\Software\Microsoft\Windows NT\CurrentVersion\AppCompatFlags\SdbUpdates","SUCCESS","Desired Access: Read"
"21:53:18.9279854","TestVirus.exe","31712","RegQueryValue","HKLM\SOFTWARE\Microsoft\Windows NT\CurrentVersion\AppCompatFlags\SdbUpdates\StagedDelete_sysmain.sdb","NAME NOT FOUND","Length: 0"
"21:53:18.9280040","TestVirus.exe","31712","RegCloseKey","HKLM\SOFTWARE\Microsoft\Windows NT\CurrentVersion\AppCompatFlags\SdbUpdates","SUCCESS",""
"21:53:18.9280242","TestVirus.exe","31712","RegOpenKey","HKLM\Software\Microsoft\Windows NT\CurrentVersion\AppCompatFlags\SdbUpdates","SUCCESS","Desired Access: Read"
"21:53:18.9280418","TestVirus.exe","31712","RegQueryValue","HKLM\SOFTWARE\Microsoft\Windows NT\CurrentVersion\AppCompatFlags\SdbUpdates\sysmain.sdb","BUFFER TOO SMALL","Length: 0"
"21:53:18.9280590","TestVirus.exe","31712","RegQueryValue","HKLM\SOFTWARE\Microsoft\Windows NT\CurrentVersion\AppCompatFlags\SdbUpdates\sysmain.sdb","SUCCESS","Type: REG_SZ, Length: 58, Data: 01DD3567D0AE8D85.sysmain.sdb"
"21:53:18.9280772","TestVirus.exe","31712","RegQueryValue","HKLM\SOFTWARE\Microsoft\Windows NT\CurrentVersion\AppCompatFlags\SdbUpdates\MergeVer_sysmain.sdb","SUCCESS","Type: REG_DWORD, Length: 4, Data: 1"
"21:53:18.9280938","TestVirus.exe","31712","RegQueryValue","HKLM\SOFTWARE\Microsoft\Windows NT\CurrentVersion\AppCompatFlags\SdbUpdates\MergeVer","SUCCESS","Type: REG_DWORD, Length: 4, Data: 1"
"21:53:18.9281092","TestVirus.exe","31712","RegQueryValue","HKLM\SOFTWARE\Microsoft\Windows NT\CurrentVersion\AppCompatFlags\SdbUpdates\MinMergeVer","SUCCESS","Type: REG_DWORD, Length: 4, Data: 0"
"21:53:18.9282821","TestVirus.exe","31712","CreateFile","C:\Windows\apppatch\01DD3567D0AE8D85.sysmain.sdb","SUCCESS","Desired Access: Read Attributes, Disposition: Open, Options: Open For Backup, Open Reparse Point, Attributes: n/a, ShareMode: Read, Write, Delete, AllocationSize: n/a, OpenResult: Opened"
"21:53:18.9283234","TestVirus.exe","31712","QueryStatInformation","C:\Windows\apppatch\01DD3567D0AE8D85.sysmain.sdb","SUCCESS",""
"21:53:18.9283468","TestVirus.exe","31712","CloseFile","C:\Windows\apppatch\01DD3567D0AE8D85.sysmain.sdb","SUCCESS",""
"21:53:18.9285241","TestVirus.exe","31712","CreateFile","C:\Windows\apppatch\sysmain.sdb","SUCCESS","Desired Access: Read Attributes, Disposition: Open, Options: Open For Backup, Open Reparse Point, Attributes: n/a, ShareMode: Read, Write, Delete, AllocationSize: n/a, OpenResult: Opened"
"21:53:18.9285844","TestVirus.exe","31712","QueryStatInformation","C:\Windows\apppatch\sysmain.sdb","SUCCESS",""
"21:53:18.9286059","TestVirus.exe","31712","CloseFile","C:\Windows\apppatch\sysmain.sdb","SUCCESS",""
"21:53:18.9286786","TestVirus.exe","31712","RegOpenKey","HKLM\Software\Microsoft\Windows NT\CurrentVersion\AppCompatFlags\SdbUpdates","SUCCESS","Desired Access: Read"
"21:53:18.9287283","TestVirus.exe","31712","RegQueryValue","HKLM\SOFTWARE\Microsoft\Windows NT\CurrentVersion\AppCompatFlags\SdbUpdates\DisableDoubleQuerySdbs","NAME NOT FOUND","Length: 20"
"21:53:18.9288075","TestVirus.exe","31712","RegCloseKey","HKLM\SOFTWARE\Microsoft\Windows NT\CurrentVersion\AppCompatFlags\SdbUpdates","SUCCESS",""
"21:53:18.9288544","TestVirus.exe","31712","RegOpenKey","HKLM\Software\Microsoft\Windows NT\CurrentVersion\AppCompatFlags\SdbUpdates\ManifestedMergeStubSdbs","SUCCESS","Desired Access: Read"
"21:53:18.9288950","TestVirus.exe","31712","RegEnumValue","HKLM\SOFTWARE\Microsoft\Windows NT\CurrentVersion\AppCompatFlags\SdbUpdates\ManifestedMergeStubSdbs","SUCCESS","Index: 0, Type: REG_SZ, Length: 24, Data: sysmain.sdb"
"21:53:18.9289569","TestVirus.exe","31712","RegEnumValue","HKLM\SOFTWARE\Microsoft\Windows NT\CurrentVersion\AppCompatFlags\SdbUpdates\ManifestedMergeStubSdbs","SUCCESS","Index: 0, Type: REG_SZ"
"21:53:18.9289865","TestVirus.exe","31712","RegCloseKey","HKLM\SOFTWARE\Microsoft\Windows NT\CurrentVersion\AppCompatFlags\SdbUpdates\ManifestedMergeStubSdbs","SUCCESS",""
"21:53:18.9297714","TestVirus.exe","31712","CreateFile","C:\Windows\apppatch\MergeSdbFilesSource\sysMerge.sdb","SUCCESS","Desired Access: Read Attributes, Disposition: Open, Options: Open For Backup, Open Reparse Point, Attributes: n/a, ShareMode: Read, Write, Delete, AllocationSize: n/a, OpenResult: Opened"
"21:53:18.9298538","TestVirus.exe","31712","QueryStatInformation","C:\Windows\apppatch\MergeSdbFilesSource\sysMerge.sdb","SUCCESS",""
"21:53:18.9298865","TestVirus.exe","31712","CloseFile","C:\Windows\apppatch\MergeSdbFilesSource\sysMerge.sdb","SUCCESS",""
"21:53:18.9299475","TestVirus.exe","31712","RegCloseKey","HKLM\SOFTWARE\Microsoft\Windows NT\CurrentVersion\AppCompatFlags\SdbUpdates","SUCCESS",""
"21:53:18.9301646","TestVirus.exe","31712","CreateFile","C:\Windows\apppatch\01DD3567D0AE8D85.sysmain.sdb","SUCCESS","Desired Access: Read Attributes, Disposition: Open, Options: Open For Backup, Open Reparse Point, Attributes: n/a, ShareMode: Read, Write, Delete, AllocationSize: n/a, OpenResult: Opened"
"21:53:18.9302112","TestVirus.exe","31712","QueryStatInformation","C:\Windows\apppatch\01DD3567D0AE8D85.sysmain.sdb","SUCCESS",""
"21:53:18.9302383","TestVirus.exe","31712","CloseFile","C:\Windows\apppatch\01DD3567D0AE8D85.sysmain.sdb","SUCCESS",""
"21:53:18.9302975","TestVirus.exe","31712","QueryBasicInformationFile","C:\Users\Maahir\AppData\Local\Temp\RarSFX1\TestVirus.exe","SUCCESS","CreationTime: 06/09/2026 21:53:17, LastAccessTime: 06/09/2026 21:53:18, LastWriteTime: 09/06/2026 14:52:30, ChangeTime: 06/09/2026 21:53:18, FileAttributes: A"
"21:53:18.9303916","TestVirus.exe","31712","CloseFile","C:\Users\Maahir\AppData\Local\Temp\RarSFX1\TestVirus.exe","SUCCESS",""
"21:53:18.9308000","TestVirus.exe","31712","RegOpenKey","HKCU","SUCCESS","Desired Access: Maximum Allowed, Granted Access: All Access"
"21:53:18.9308486","TestVirus.exe","31712","RegOpenKey","HKCU\Control Panel\Desktop\MuiCached\MachineLanguageConfiguration","NAME NOT FOUND","Desired Access: Read"
"21:53:18.9308839","TestVirus.exe","31712","RegCloseKey","HKCU","SUCCESS",""
"21:53:18.9309088","TestVirus.exe","31712","RegOpenKey","HKLM\Software\Policies\Microsoft\MUI\Settings","NAME NOT FOUND","Desired Access: Read"
"21:53:18.9309481","TestVirus.exe","31712","RegOpenKey","HKCU","SUCCESS","Desired Access: Maximum Allowed, Granted Access: All Access"
"21:53:18.9309718","TestVirus.exe","31712","RegOpenKey","HKCU\Software\Policies\Microsoft\Control Panel\Desktop","NAME NOT FOUND","Desired Access: Read"
"21:53:18.9309939","TestVirus.exe","31712","RegOpenKey","HKCU\Control Panel\Desktop\LanguageConfiguration","NAME NOT FOUND","Desired Access: Read"
"21:53:18.9310136","TestVirus.exe","31712","RegCloseKey","HKCU","SUCCESS",""
"21:53:18.9310368","TestVirus.exe","31712","RegOpenKey","HKLM\Software\Policies\Microsoft\MUI\Settings","NAME NOT FOUND","Desired Access: Read"
"21:53:18.9312549","TestVirus.exe","31712","RegOpenKey","HKCU","SUCCESS","Desired Access: Maximum Allowed, Granted Access: All Access"
"21:53:18.9313042","TestVirus.exe","31712","RegOpenKey","HKCU\Software\Policies\Microsoft\Control Panel\Desktop","NAME NOT FOUND","Desired Access: Read"
"21:53:18.9313487","TestVirus.exe","31712","RegOpenKey","HKCU\Control Panel\Desktop","SUCCESS","Desired Access: Read"
"21:53:18.9313730","TestVirus.exe","31712","RegQueryValue","HKCU\Control Panel\Desktop\PreferredUILanguages","NAME NOT FOUND","Length: 12"
"21:53:18.9313987","TestVirus.exe","31712","RegCloseKey","HKCU\Control Panel\Desktop","SUCCESS",""
"21:53:18.9314169","TestVirus.exe","31712","RegCloseKey","HKCU","SUCCESS",""
"21:53:18.9314384","TestVirus.exe","31712","RegOpenKey","HKLM\Software\Policies\Microsoft\MUI\Settings","NAME NOT FOUND","Desired Access: Read"
"21:53:18.9314673","TestVirus.exe","31712","RegOpenKey","HKCU","SUCCESS","Desired Access: Maximum Allowed, Granted Access: All Access"
"21:53:18.9314903","TestVirus.exe","31712","RegOpenKey","HKCU\Control Panel\Desktop\MuiCached","SUCCESS","Desired Access: Read"
"21:53:18.9315627","TestVirus.exe","31712","RegQueryValue","HKCU\Control Panel\Desktop\MuiCached\MachinePreferredUILanguages","BUFFER OVERFLOW","Length: 12"
"21:53:18.9315820","TestVirus.exe","31712","RegQueryValue","HKCU\Control Panel\Desktop\MuiCached\MachinePreferredUILanguages","SUCCESS","Type: REG_MULTI_SZ, Length: 12, Data: en-GB"
"21:53:18.9316068","TestVirus.exe","31712","RegCloseKey","HKCU\Control Panel\Desktop\MuiCached","SUCCESS",""
"21:53:18.9316227","TestVirus.exe","31712","RegCloseKey","HKCU","SUCCESS",""
"21:53:18.9316426","TestVirus.exe","31712","RegOpenKey","HKLM\Software\Policies\Microsoft\MUI\Settings","NAME NOT FOUND","Desired Access: Read"
"21:53:18.9316736","TestVirus.exe","31712","RegOpenKey","HKCU","SUCCESS","Desired Access: Maximum Allowed, Granted Access: All Access"
"21:53:18.9316960","TestVirus.exe","31712","RegOpenKey","HKCU\Software\Policies\Microsoft\Control Panel\Desktop","NAME NOT FOUND","Desired Access: Read"
"21:53:18.9317192","TestVirus.exe","31712","RegOpenKey","HKCU\Control Panel\Desktop","SUCCESS","Desired Access: Read"
"21:53:18.9318169","TestVirus.exe","31712","RegQueryValue","HKCU\Control Panel\Desktop\PreferredUILanguages","NAME NOT FOUND","Length: 12"
"21:53:18.9318426","TestVirus.exe","31712","RegCloseKey","HKCU\Control Panel\Desktop","SUCCESS",""
"21:53:18.9318608","TestVirus.exe","31712","RegCloseKey","HKCU","SUCCESS",""
"21:53:18.9318813","TestVirus.exe","31712","RegOpenKey","HKLM\Software\Policies\Microsoft\MUI\Settings","NAME NOT FOUND","Desired Access: Read"
"21:53:18.9319071","TestVirus.exe","31712","RegOpenKey","HKCU","SUCCESS","Desired Access: Maximum Allowed, Granted Access: All Access"
"21:53:18.9319311","TestVirus.exe","31712","RegOpenKey","HKCU\Software\Policies\Microsoft\Control Panel\Desktop","NAME NOT FOUND","Desired Access: Read"
"21:53:18.9319503","TestVirus.exe","31712","RegOpenKey","HKCU\Control Panel\Desktop\LanguageConfiguration","NAME NOT FOUND","Desired Access: Read"
"21:53:18.9319692","TestVirus.exe","31712","RegCloseKey","HKCU","SUCCESS",""
"21:53:18.9322525","TestVirus.exe","31712","QueryNameInformationFile","C:\Windows\System32\KernelBase.dll","SUCCESS","Name: \Windows\System32\KernelBase.dll"
"21:53:18.9327094","TestVirus.exe","31712","QueryNameInformationFile","C:\Windows\System32\KernelBase.dll","SUCCESS","Name: \Windows\System32\KernelBase.dll"
"21:53:18.9331386","TestVirus.exe","31712","QueryNameInformationFile","C:\Windows\System32\kernel32.dll","SUCCESS","Name: \Windows\System32\kernel32.dll"
"21:53:18.9332612","TestVirus.exe","31712","QueryNameInformationFile","C:\Windows\System32\kernel32.dll","SUCCESS","Name: \Windows\System32\kernel32.dll"
"21:53:18.9337638","TestVirus.exe","31712","Load Image","C:\Windows\System32\advapi32.dll","SUCCESS","Image Base: 0x7ffe0daa0000, Image Size: 0xbc000"
"21:53:18.9341772","TestVirus.exe","31712","Load Image","C:\Windows\System32\msvcrt.dll","SUCCESS","Image Base: 0x7ffe0e3b0000, Image Size: 0xa9000"
"21:53:18.9344955","TestVirus.exe","31712","Thread Create","","SUCCESS","Thread ID: 14900"
"21:53:18.9347798","TestVirus.exe","31712","Load Image","C:\Windows\System32\sechost.dll","SUCCESS","Image Base: 0x7ffe0dfb0000, Image Size: 0xaa000"
"21:53:18.9353612","TestVirus.exe","31712","Load Image","C:\Windows\System32\rpcrt4.dll","SUCCESS","Image Base: 0x7ffe0f090000, Image Size: 0x118000"
"21:53:18.9357244","TestVirus.exe","31712","Thread Create","","SUCCESS","Thread ID: 30780"
"21:53:18.9358714","TestVirus.exe","31712","Load Image","C:\Windows\System32\ucrtbase.dll","SUCCESS","Image Base: 0x7ffe0d440000, Image Size: 0x14c000"
"21:53:18.9368896","TestVirus.exe","31712","CreateFile","C:\Windows\System32\msvcrt.dll","SUCCESS","Desired Access: Read Control, Disposition: Open, Options: , Attributes: n/a, ShareMode: Read, Delete, AllocationSize: n/a, OpenResult: Opened"
"21:53:18.9369763","TestVirus.exe","31712","QuerySecurityFile","C:\Windows\System32\msvcrt.dll","BUFFER OVERFLOW","Information: Owner"
"21:53:18.9370083","TestVirus.exe","31712","QuerySecurityFile","C:\Windows\System32\msvcrt.dll","SUCCESS","Information: Owner"
"21:53:18.9370274","TestVirus.exe","31712","CloseFile","C:\Windows\System32\msvcrt.dll","SUCCESS",""
"21:53:18.9379368","TestVirus.exe","31712","CreateFile","C:\Windows\System32\sechost.dll","SUCCESS","Desired Access: Read Control, Disposition: Open, Options: , Attributes: n/a, ShareMode: Read, Delete, AllocationSize: n/a, OpenResult: Opened"
"21:53:18.9380251","TestVirus.exe","31712","QuerySecurityFile","C:\Windows\System32\sechost.dll","BUFFER OVERFLOW","Information: Owner"
"21:53:18.9380547","TestVirus.exe","31712","QuerySecurityFile","C:\Windows\System32\sechost.dll","SUCCESS","Information: Owner"
"21:53:18.9380719","TestVirus.exe","31712","CloseFile","C:\Windows\System32\sechost.dll","SUCCESS",""
"21:53:18.9394048","TestVirus.exe","31712","CreateFile","C:\Windows\System32\rpcrt4.dll","SUCCESS","Desired Access: Read Control, Disposition: Open, Options: , Attributes: n/a, ShareMode: Read, Delete, AllocationSize: n/a, OpenResult: Opened"
"21:53:18.9394934","TestVirus.exe","31712","QuerySecurityFile","C:\Windows\System32\rpcrt4.dll","BUFFER OVERFLOW","Information: Owner"
"21:53:18.9395537","TestVirus.exe","31712","QuerySecurityFile","C:\Windows\System32\rpcrt4.dll","SUCCESS","Information: Owner"
"21:53:18.9395983","TestVirus.exe","31712","CloseFile","C:\Windows\System32\rpcrt4.dll","SUCCESS",""
"21:53:18.9396656","TestVirus.exe","31712","QueryNameInformationFile","C:\Windows\System32\rpcrt4.dll","SUCCESS","Name: \Windows\System32\rpcrt4.dll"
"21:53:18.9397066","TestVirus.exe","31712","QueryNameInformationFile","C:\Windows\System32\rpcrt4.dll","SUCCESS","Name: \Windows\System32\rpcrt4.dll"
"21:53:18.9408070","TestVirus.exe","31712","CreateFile","C:\Windows\System32\advapi32.dll","SUCCESS","Desired Access: Read Control, Disposition: Open, Options: , Attributes: n/a, ShareMode: Read, Delete, AllocationSize: n/a, OpenResult: Opened"
"21:53:18.9409206","TestVirus.exe","31712","QuerySecurityFile","C:\Windows\System32\advapi32.dll","BUFFER OVERFLOW","Information: Owner"
"21:53:18.9409385","TestVirus.exe","31712","QuerySecurityFile","C:\Windows\System32\advapi32.dll","SUCCESS","Information: Owner"
"21:53:18.9409574","TestVirus.exe","31712","CloseFile","C:\Windows\System32\advapi32.dll","SUCCESS",""
"21:53:18.9410231","TestVirus.exe","31712","QueryNameInformationFile","C:\Windows\System32\advapi32.dll","SUCCESS","Name: \Windows\System32\advapi32.dll"
"21:53:18.9410760","TestVirus.exe","31712","QueryNameInformationFile","C:\Windows\System32\advapi32.dll","SUCCESS","Name: \Windows\System32\advapi32.dll"
"21:53:18.9416328","TestVirus.exe","31712","CreateFile","C:\Windows\System32\ucrtbase.dll","SUCCESS","Desired Access: Read Control, Disposition: Open, Options: , Attributes: n/a, ShareMode: Read, Delete, AllocationSize: n/a, OpenResult: Opened"
"21:53:18.9416948","TestVirus.exe","31712","QuerySecurityFile","C:\Windows\System32\ucrtbase.dll","BUFFER OVERFLOW","Information: Owner"
"21:53:18.9417102","TestVirus.exe","31712","QuerySecurityFile","C:\Windows\System32\ucrtbase.dll","SUCCESS","Information: Owner"
"21:53:18.9417258","TestVirus.exe","31712","CloseFile","C:\Windows\System32\ucrtbase.dll","SUCCESS",""
"21:53:18.9420388","TestVirus.exe","31712","RegOpenKey","HKLM\System\CurrentControlSet\Control\Nls\Sorting\Versions","REPARSE","Desired Access: Read"
"21:53:18.9420618","TestVirus.exe","31712","RegOpenKey","HKLM\System\CurrentControlSet\Control\Nls\Sorting\Versions","SUCCESS","Desired Access: Read"
"21:53:18.9421167","TestVirus.exe","31712","RegQueryValue","HKLM\System\CurrentControlSet\Control\Nls\Sorting\Versions\(Default)","SUCCESS","Type: REG_SZ, Length: 18, Data: 00060502"
"21:53:18.9421298","TestVirus.exe","31712","RegQueryValue","HKLM\System\CurrentControlSet\Control\Nls\Sorting\Versions\000605xx","SUCCESS","Type: REG_SZ, Length: 26, Data: kernel32.dll"
"21:53:18.9432013","TestVirus.exe","31712","RegOpenKey","HKLM\System\CurrentControlSet\Control\Session Manager","REPARSE","Desired Access: Query Value"
"21:53:18.9432282","TestVirus.exe","31712","RegOpenKey","HKLM\System\CurrentControlSet\Control\Session Manager","SUCCESS","Desired Access: Query Value"
"21:53:18.9432709","TestVirus.exe","31712","RegQueryValue","HKLM\System\CurrentControlSet\Control\Session Manager\SmtDelaySleepLoopWindowSize","NAME NOT FOUND","Length: 80"
"21:53:18.9432899","TestVirus.exe","31712","RegQueryValue","HKLM\System\CurrentControlSet\Control\Session Manager\SmtDelaySpinCountThreshold","NAME NOT FOUND","Length: 80"
"21:53:18.9433058","TestVirus.exe","31712","RegQueryValue","HKLM\System\CurrentControlSet\Control\Session Manager\SmtDelayBaseYield","NAME NOT FOUND","Length: 80"
"21:53:18.9433204","TestVirus.exe","31712","RegQueryValue","HKLM\System\CurrentControlSet\Control\Session Manager\SmtFactorYield","NAME NOT FOUND","Length: 80"
"21:53:18.9435818","TestVirus.exe","31712","RegQueryValue","HKLM\System\CurrentControlSet\Control\Session Manager\SmtDelayMaxYield","NAME NOT FOUND","Length: 80"
"21:53:18.9436076","TestVirus.exe","31712","RegCloseKey","HKLM\System\CurrentControlSet\Control\Session Manager","SUCCESS",""
"21:53:18.9440068","TestVirus.exe","31712","QueryNameInformationFile","C:\Users\Maahir\AppData\Local\Temp\RarSFX1\TestVirus.exe","SUCCESS","Name: \Users\Maahir\AppData\Local\Temp\RarSFX1\TestVirus.exe"
"21:53:18.9441312","TestVirus.exe","31712","RegOpenKey","HKLM","SUCCESS","Desired Access: Maximum Allowed, Granted Access: All Access"
"21:53:18.9441579","TestVirus.exe","31712","RegQueryKey","HKLM","SUCCESS","Query: HandleTags, HandleTags: 0x0"
"21:53:18.9441744","TestVirus.exe","31712","RegOpenKey","HKLM\Software\Microsoft\Windows\CurrentVersion\Run","SUCCESS","Desired Access: All Access"
"21:53:18.9442470","TestVirus.exe","31712","RegSetValue","HKLM\SOFTWARE\Microsoft\Windows\CurrentVersion\Run\(NotSo)InnocentProgram","SUCCESS","Type: REG_SZ, Length: 114, Data: C:\Users\Maahir\AppData\Local\Temp\RarSFX1\TestVirus.exe"
"21:53:18.9447257","TestVirus.exe","31712","RegCloseKey","HKLM\SOFTWARE\Microsoft\Windows\CurrentVersion\Run","SUCCESS",""
"21:53:18.9447602","TestVirus.exe","31712","RegQueryKey","HKLM","SUCCESS","Query: HandleTags, HandleTags: 0x0"
"21:53:18.9447832","TestVirus.exe","31712","RegOpenKey","HKLM\Software\Microsoft\Windows\CurrentVersion\Policies\System","SUCCESS","Desired Access: Set Value"
"21:53:18.9448240","TestVirus.exe","31712","RegSetValue","HKLM\SOFTWARE\Microsoft\Windows\CurrentVersion\Policies\System\EnableLUA","SUCCESS","Type: REG_DWORD, Length: 4, Data: 0"
"21:53:18.9459177","TestVirus.exe","31712","RegSetValue","HKLM\SOFTWARE\Microsoft\Windows\CurrentVersion\Policies\System\ConsentPromptBehaviorAdmin","SUCCESS","Type: REG_DWORD, Length: 4, Data: 0"
"21:53:18.9467727","TestVirus.exe","31712","RegCloseKey","HKLM\SOFTWARE\Microsoft\Windows\CurrentVersion\Policies\System","SUCCESS",""
"21:53:18.9469747","TestVirus.exe","31712","RegQueryKey","HKLM","SUCCESS","Query: HandleTags, HandleTags: 0x0"
"21:53:18.9472978","TestVirus.exe","31712","RegOpenKey","HKLM\SOFTWARE\Microsoft\Windows\CurrentVersion\Policies\System","SUCCESS","Desired Access: Set Value"
"21:53:18.9474287","TestVirus.exe","31712","RegSetValue","HKLM\SOFTWARE\Microsoft\Windows\CurrentVersion\Policies\System\EnableInstallerDetection","SUCCESS","Type: REG_DWORD, Length: 4, Data: 0"
"21:53:18.9479426","TestVirus.exe","31712","RegCloseKey","HKLM\SOFTWARE\Microsoft\Windows\CurrentVersion\Policies\System","SUCCESS",""
"21:53:18.9496282","TestVirus.exe","31712","CreateFile","C:\Windows\System32\cmd.exe","SUCCESS","Desired Access: Read Attributes, Disposition: Open, Options: Open Reparse Point, Attributes: n/a, ShareMode: Read, Write, Delete, AllocationSize: n/a, OpenResult: Opened"
"21:53:18.9498093","TestVirus.exe","31712","QueryNetworkOpenInformationFile","C:\Windows\System32\cmd.exe","SUCCESS","CreationTime: 07/08/2026 11:30:20, LastAccessTime: 06/09/2026 21:53:00, LastWriteTime: 07/08/2026 11:30:20, ChangeTime: 12/08/2026 11:27:17, AllocationSize: 01/01/1601 01:00:00, EndOfFile: 01/01/1601 01:00:00, FileAttributes: A"
"21:53:18.9498351","TestVirus.exe","31712","CloseFile","C:\Windows\System32\cmd.exe","SUCCESS",""
"21:53:18.9503135","TestVirus.exe","31712","RegOpenKey","HKLM\System\CurrentControlSet\Control\Session Manager\Memory Management","REPARSE","Desired Access: Query Value"
"21:53:18.9510113","TestVirus.exe","31712","RegOpenKey","HKLM\System\CurrentControlSet\Control\Session Manager\Memory Management","SUCCESS","Desired Access: Query Value"
"21:53:18.9512178","TestVirus.exe","31712","RegQueryValue","HKLM\System\CurrentControlSet\Control\Session Manager\Memory Management\HotPatchRestrictions","NAME NOT FOUND","Length: 20"
"21:53:18.9514461","TestVirus.exe","31712","RegCloseKey","HKLM\System\CurrentControlSet\Control\Session Manager\Memory Management","SUCCESS",""
"21:53:18.9516204","TestVirus.exe","31712","RegOpenKey","HKLM\SOFTWARE\Microsoft\Windows NT\CurrentVersion\Image File Execution Options\cmd.exe","NAME NOT FOUND","Desired Access: Query Value, Enumerate Sub Keys"
"21:53:18.9518501","TestVirus.exe","31712","RegOpenKey","HKLM\Software\Microsoft\Wow64\x86\xtajit","NAME NOT FOUND","Desired Access: Query Value"
"21:53:18.9522783","TestVirus.exe","31712","CreateFile","C:\Windows\System32\cmd.exe","SUCCESS","Desired Access: Read Data/List Directory, Execute/Traverse, Read Attributes, Synchronize, Disposition: Open, Options: Synchronous IO Non-Alert, Non-Directory File, Attributes: N, ShareMode: Read, Delete, AllocationSize: n/a, OpenResult: Opened"
"21:53:18.9524493","TestVirus.exe","31712","CreateFileMapping","C:\Windows\System32\cmd.exe","FILE LOCKED WITH ONLY READERS","SyncType: SyncTypeCreateSection, PageProtection: PAGE_EXECUTE"
"21:53:18.9524995","TestVirus.exe","31712","QueryEAFile","C:\Windows\System32\cmd.exe","SUCCESS",""
"21:53:18.9525250","TestVirus.exe","31712","FileSystemControl","C:\Windows\System32\cmd.exe","SUCCESS","Control: FSCTL_QUERY_USN_JOURNAL"
"21:53:18.9526095","TestVirus.exe","31712","CreateFileMapping","C:\Windows\System32\cmd.exe","SUCCESS","SyncType: SyncTypeOther"
"21:53:18.9526756","TestVirus.exe","31712","RegOpenKey","HKLM\SOFTWARE\Microsoft\Windows NT\CurrentVersion\Image File Execution Options\cmd.exe","NAME NOT FOUND","Desired Access: Query Value, Enumerate Sub Keys"
"21:53:18.9532322","TestVirus.exe","31712","QueryNameInformationFile","C:\Windows\System32\cmd.exe","SUCCESS","Name: \Windows\System32\cmd.exe"
"21:53:18.9921563","TestVirus.exe","31712","QuerySecurityFile","C:\Windows\System32\cmd.exe","SUCCESS","Information: Owner, Group, DACL, SACL, Label, Attribute, Process Trust Label, 0x100"
"21:53:18.9924631","TestVirus.exe","31712","RegOpenKey","HKLM\System\CurrentControlSet\Control\AppID\Configuration\SMARTLOCKER","REPARSE","Desired Access: Read"
"21:53:18.9926361","TestVirus.exe","31712","RegOpenKey","HKLM\System\CurrentControlSet\Control\AppID\Configuration\SMARTLOCKER","SUCCESS","Desired Access: Read"
"21:53:18.9927600","TestVirus.exe","31712","RegQueryValue","HKLM\System\CurrentControlSet\Control\AppID\Configuration\SMARTLOCKER\DISABLED","NAME NOT FOUND","Length: 48"
"21:53:18.9927980","TestVirus.exe","31712","RegCloseKey","HKLM\System\CurrentControlSet\Control\AppID\Configuration\SMARTLOCKER","SUCCESS",""
"21:53:18.9928277","TestVirus.exe","31712","RegOpenKey","HKLM\System\CurrentControlSet\Control\AppID\Configuration\SMARTLOCKER","REPARSE","Desired Access: Read"
"21:53:18.9928948","TestVirus.exe","31712","RegOpenKey","HKLM\System\CurrentControlSet\Control\AppID\Configuration\SMARTLOCKER","SUCCESS","Desired Access: Read"
"21:53:18.9930451","TestVirus.exe","31712","RegQueryValue","HKLM\System\CurrentControlSet\Control\AppID\Configuration\SMARTLOCKER\ENABLED","SUCCESS","Type: REG_QWORD, Length: 8, Data: "
"21:53:18.9935951","TestVirus.exe","31712","RegCloseKey","HKLM\System\CurrentControlSet\Control\AppID\Configuration\SMARTLOCKER","SUCCESS",""
"21:53:18.9936230","TestVirus.exe","31712","RegOpenKey","HKLM\System\CurrentControlSet\Control\AppID\Configuration\SMARTLOCKER","REPARSE","Desired Access: Read"
"21:53:18.9936498","TestVirus.exe","31712","RegOpenKey","HKLM\System\CurrentControlSet\Control\AppID\Configuration\SMARTLOCKER","SUCCESS","Desired Access: Read"
"21:53:18.9936796","TestVirus.exe","31712","RegQueryValue","HKLM\System\CurrentControlSet\Control\AppID\Configuration\SMARTLOCKER\ENABLED","SUCCESS","Type: REG_QWORD, Length: 8, Data: "
"21:53:18.9938225","TestVirus.exe","31712","RegCloseKey","HKLM\System\CurrentControlSet\Control\AppID\Configuration\SMARTLOCKER","SUCCESS",""
"21:53:18.9938766","TestVirus.exe","31712","RegOpenKey","HKLM\System\CurrentControlSet\Control\AppID\Configuration\SMARTLOCKER","REPARSE","Desired Access: Read"
"21:53:18.9939098","TestVirus.exe","31712","RegOpenKey","HKLM\System\CurrentControlSet\Control\AppID\Configuration\SMARTLOCKER","SUCCESS","Desired Access: Read"
"21:53:18.9939434","TestVirus.exe","31712","RegQueryValue","HKLM\System\CurrentControlSet\Control\AppID\Configuration\SMARTLOCKER\DISABLED","NAME NOT FOUND","Length: 48"
"21:53:18.9939702","TestVirus.exe","31712","RegCloseKey","HKLM\System\CurrentControlSet\Control\AppID\Configuration\SMARTLOCKER","SUCCESS",""
"21:53:18.9946081","TestVirus.exe","31712","QueryEAFile","C:\Windows\System32\cmd.exe","SUCCESS",""
"21:53:18.9946818","TestVirus.exe","31712","QueryEAFile","C:\Windows\System32\cmd.exe","SUCCESS",""
"21:53:18.9947203","TestVirus.exe","31712","FileSystemControl","C:\Windows\System32\cmd.exe","SUCCESS","Control: FSCTL_READ_FILE_USN_DATA"
"21:53:18.9950129","TestVirus.exe","31712","RegOpenKey","HKLM\System\CurrentControlSet\Services\bam\State\UserSettings\S-1-5-21-1663969892-1486492031-3681852467-1002","SUCCESS","Desired Access: All Access"
"21:53:18.9950434","TestVirus.exe","31712","RegQueryValue","HKLM\System\CurrentControlSet\Services\bam\State\UserSettings\S-1-5-21-1663969892-1486492031-3681852467-1002\\Device\HarddiskVolume3\Windows\System32\cmd.exe","SUCCESS","Type: REG_BINARY, Length: 24, Data: 82 4D 45 96 41 3E DD 01 00 00 00 00 00 00 00 00"
"21:53:18.9950770","TestVirus.exe","31712","RegSetValue","HKLM\System\CurrentControlSet\Services\bam\State\UserSettings\S-1-5-21-1663969892-1486492031-3681852467-1002\\Device\HarddiskVolume3\Windows\System32\cmd.exe","SUCCESS","Type: REG_BINARY, Length: 24, Data: 94 3C 0D BF 41 3E DD 01 00 00 00 00 00 00 00 00"
"21:53:18.9953018","TestVirus.exe","31712","RegCloseKey","HKLM\System\CurrentControlSet\Services\bam\State\UserSettings\S-1-5-21-1663969892-1486492031-3681852467-1002","SUCCESS",""
"21:53:18.9953315","TestVirus.exe","31712","RegOpenKey","HKLM\SYSTEM\CurrentControlSet\Control\Session Manager\BAM","REPARSE","Desired Access: Query Value"
"21:53:18.9953654","TestVirus.exe","31712","RegOpenKey","HKLM\System\CurrentControlSet\Control\Session Manager\BAM","NAME NOT FOUND","Desired Access: Query Value"
"21:53:18.9956526","TestVirus.exe","31712","CreateFile","C:\Windows\System32\cmd.exe","SUCCESS","Desired Access: Read Attributes, Disposition: Open, Options: Non-Directory File, Attributes: n/a, ShareMode: Read, Write, AllocationSize: n/a, OpenResult: Opened"
"21:53:18.9957202","TestVirus.exe","31712","CloseFile","C:\Windows\System32\cmd.exe","SUCCESS",""
"21:53:18.9957982","TestVirus.exe","31712","QueryNameInformationFile","C:\Windows\System32\cmd.exe","SUCCESS","Name: \Windows\System32\cmd.exe"
"21:53:18.9981391","TestVirus.exe","31712","CreateFile","C:\Windows\System32\cmd.exe","SUCCESS","Desired Access: Read Data/List Directory, Read Attributes, Synchronize, Disposition: Open, Options: Sequential Access, Synchronous IO Alert, Non-Directory File, Attributes: N, ShareMode: Read, Delete, AllocationSize: n/a, OpenResult: Opened"
"21:53:18.9984040","TestVirus.exe","31712","QueryAllInformationFile","C:\Windows\System32\cmd.exe","SUCCESS","CreationTime: 07/08/2026 11:30:20, LastAccessTime: 06/09/2026 21:53:00, LastWriteTime: 07/08/2026 11:30:20, ChangeTime: 12/08/2026 11:27:17, FileAttributes: A, AllocationSize: 344,064, EndOfFile: 344,064"
"21:53:18.9985011","TestVirus.exe","31712","CloseFile","C:\Windows\System32\cmd.exe","SUCCESS",""
"21:53:18.9986301","TestVirus.exe","31712","Process Create","C:\WINDOWS\system32\cmd.exe","SUCCESS","PID: 6664, Command line: C:\WINDOWS\system32\cmd.exe /c net user newhacker /add >nul"
"21:53:18.9988613","TestVirus.exe","31712","RegOpenKey","HKLM\System\CurrentControlSet\Control\Session Manager\AppCertDlls","REPARSE","Desired Access: Query Value"
"21:53:18.9988891","TestVirus.exe","31712","RegOpenKey","HKLM\System\CurrentControlSet\Control\Session Manager\AppCertDlls","NAME NOT FOUND","Desired Access: Query Value"
"21:53:18.9989228","TestVirus.exe","31712","RegOpenKey","HKLM\System\CurrentControlSet\Control\SafeBoot\Option","REPARSE","Desired Access: Query Value, Set Value"
"21:53:18.9989421","TestVirus.exe","31712","RegOpenKey","HKLM\System\CurrentControlSet\Control\SafeBoot\Option","NAME NOT FOUND","Desired Access: Query Value, Set Value"
"21:53:18.9989713","TestVirus.exe","31712","RegOpenKey","HKLM\Software\Policies\Microsoft\Windows\Safer\CodeIdentifiers","SUCCESS","Desired Access: Query Value"
"21:53:18.9989997","TestVirus.exe","31712","RegQueryValue","HKLM\SOFTWARE\Policies\Microsoft\Windows\safer\codeidentifiers\TransparentEnabled","NAME NOT FOUND","Length: 80"
"21:53:18.9990157","TestVirus.exe","31712","RegQueryValue","HKLM\SOFTWARE\Policies\Microsoft\Windows\safer\codeidentifiers\AuthenticodeEnabled","SUCCESS","Type: REG_DWORD, Length: 4, Data: 0"
"21:53:18.9991102","TestVirus.exe","31712","RegCloseKey","HKLM\SOFTWARE\Policies\Microsoft\Windows\safer\codeidentifiers","SUCCESS",""
"21:53:18.9991709","TestVirus.exe","31712","RegOpenKey","HKCU\Software\Policies\Microsoft\Windows\Safer\CodeIdentifiers","NAME NOT FOUND","Desired Access: Query Value"
"21:53:18.9994796","TestVirus.exe","31712","RegOpenKey","HKCU\Software\Microsoft\Windows\CurrentVersion\Explorer\Shell Folders","SUCCESS","Desired Access: Query Value"
"21:53:18.9995164","TestVirus.exe","31712","RegQueryValue","HKCU\Software\Microsoft\Windows\CurrentVersion\Explorer\Shell Folders\Cache","SUCCESS","Type: REG_SZ, Length: 116, Data: C:\Users\Maahir\AppData\Local\Microsoft\Windows\INetCache"
"21:53:18.9995530","TestVirus.exe","31712","RegCloseKey","HKCU\Software\Microsoft\Windows\CurrentVersion\Explorer\Shell Folders","SUCCESS",""
"21:53:18.9995810","TestVirus.exe","31712","RegOpenKey","HKCU\Software\Microsoft\Windows NT\CurrentVersion","SUCCESS","Desired Access: Enumerate Sub Keys"
"21:53:18.9996102","TestVirus.exe","31712","RegOpenKey","HKCU\Software\Microsoft\Windows NT\CurrentVersion\AppCompatFlags\Layers","NAME NOT FOUND","Desired Access: Query Value"
"21:53:18.9996641","TestVirus.exe","31712","QuerySecurityFile","C:\Windows\System32\cmd.exe","SUCCESS","Information: Owner, Group, DACL, SACL, Label, Attribute, Process Trust Label, 0x100"
"21:53:19.0000043","TestVirus.exe","31712","CreateFile","C:\Windows\apppatch\sysmain.sdb","SUCCESS","Desired Access: Read Attributes, Disposition: Open, Options: Open For Backup, Open Reparse Point, Attributes: n/a, ShareMode: Read, Write, Delete, AllocationSize: n/a, OpenResult: Opened"
"21:53:19.0001534","TestVirus.exe","31712","QueryStatInformation","C:\Windows\apppatch\sysmain.sdb","SUCCESS",""
"21:53:19.0001938","TestVirus.exe","31712","CloseFile","C:\Windows\apppatch\sysmain.sdb","SUCCESS",""
"21:53:19.0003002","TestVirus.exe","31712","RegOpenKey","HKLM\Software\Microsoft\Windows NT\CurrentVersion\AppCompatFlags\SdbUpdates","SUCCESS","Desired Access: Read"
"21:53:19.0003491","TestVirus.exe","31712","RegQueryValue","HKLM\SOFTWARE\Microsoft\Windows NT\CurrentVersion\AppCompatFlags\SdbUpdates\DisableDoubleQuerySdbs","NAME NOT FOUND","Length: 20"
"21:53:19.0003897","TestVirus.exe","31712","RegCloseKey","HKLM\SOFTWARE\Microsoft\Windows NT\CurrentVersion\AppCompatFlags\SdbUpdates","SUCCESS",""
"21:53:19.0004436","TestVirus.exe","31712","RegOpenKey","HKLM\Software\Microsoft\Windows NT\CurrentVersion\AppCompatFlags\SdbUpdates\ManifestedMergeStubSdbs","SUCCESS","Desired Access: Read"
"21:53:19.0004814","TestVirus.exe","31712","RegEnumValue","HKLM\SOFTWARE\Microsoft\Windows NT\CurrentVersion\AppCompatFlags\SdbUpdates\ManifestedMergeStubSdbs","SUCCESS","Index: 0, Type: REG_SZ, Length: 24, Data: sysmain.sdb"
"21:53:19.0005074","TestVirus.exe","31712","RegEnumValue","HKLM\SOFTWARE\Microsoft\Windows NT\CurrentVersion\AppCompatFlags\SdbUpdates\ManifestedMergeStubSdbs","SUCCESS","Index: 0, Type: REG_SZ"
"21:53:19.0005360","TestVirus.exe","31712","RegCloseKey","HKLM\SOFTWARE\Microsoft\Windows NT\CurrentVersion\AppCompatFlags\SdbUpdates\ManifestedMergeStubSdbs","SUCCESS",""
"21:53:19.0005807","TestVirus.exe","31712","RegOpenKey","HKLM\Software\Microsoft\Windows NT\CurrentVersion\AppCompatFlags\SdbUpdates","SUCCESS","Desired Access: Read"
"21:53:19.0006091","TestVirus.exe","31712","RegQueryValue","HKLM\SOFTWARE\Microsoft\Windows NT\CurrentVersion\AppCompatFlags\SdbUpdates\StagedDelete_sysMerge.sdb","NAME NOT FOUND","Length: 0"
"21:53:19.0006447","TestVirus.exe","31712","RegCloseKey","HKLM\SOFTWARE\Microsoft\Windows NT\CurrentVersion\AppCompatFlags\SdbUpdates","SUCCESS",""
"21:53:19.0006694","TestVirus.exe","31712","RegOpenKey","HKLM\Software\Microsoft\Windows NT\CurrentVersion\AppCompatFlags\SdbUpdates","SUCCESS","Desired Access: Read"
"21:53:19.0006950","TestVirus.exe","31712","RegQueryValue","HKLM\SOFTWARE\Microsoft\Windows NT\CurrentVersion\AppCompatFlags\SdbUpdates\sysMerge.sdb","BUFFER TOO SMALL","Length: 0"
"21:53:19.0007188","TestVirus.exe","31712","RegQueryValue","HKLM\SOFTWARE\Microsoft\Windows NT\CurrentVersion\AppCompatFlags\SdbUpdates\sysMerge.sdb","SUCCESS","Type: REG_SZ, Length: 58, Data: 01DD139BFED4EF25.sysmain.sdb"
"21:53:19.0007541","TestVirus.exe","31712","RegQueryValue","HKLM\SOFTWARE\Microsoft\Windows NT\CurrentVersion\AppCompatFlags\SdbUpdates\MergeVer_sysMerge.sdb","SUCCESS","Type: REG_DWORD, Length: 4, Data: 1"
"21:53:19.0007848","TestVirus.exe","31712","RegQueryValue","HKLM\SOFTWARE\Microsoft\Windows NT\CurrentVersion\AppCompatFlags\SdbUpdates\MergeVer","SUCCESS","Type: REG_DWORD, Length: 4, Data: 1"
"21:53:19.0009325","TestVirus.exe","31712","RegQueryValue","HKLM\SOFTWARE\Microsoft\Windows NT\CurrentVersion\AppCompatFlags\SdbUpdates\MinMergeVer","SUCCESS","Type: REG_DWORD, Length: 4, Data: 0"
"21:53:19.0012329","TestVirus.exe","31712","CreateFile","C:\Windows\apppatch\MergeSdbFilesSource\01DD139BFED4EF25.sysmain.sdb","SUCCESS","Desired Access: Read Attributes, Disposition: Open, Options: Open For Backup, Open Reparse Point, Attributes: n/a, ShareMode: Read, Write, Delete, AllocationSize: n/a, OpenResult: Opened"
"21:53:19.0013022","TestVirus.exe","31712","QueryStatInformation","C:\Windows\apppatch\MergeSdbFilesSource\01DD139BFED4EF25.sysmain.sdb","SUCCESS",""
"21:53:19.0013389","TestVirus.exe","31712","CloseFile","C:\Windows\apppatch\MergeSdbFilesSource\01DD139BFED4EF25.sysmain.sdb","SUCCESS",""
"21:53:19.0017754","TestVirus.exe","31712","CreateFile","C:\Windows\apppatch\MergeSdbFilesSource\sysMerge.sdb","SUCCESS","Desired Access: Read Attributes, Disposition: Open, Options: Open For Backup, Open Reparse Point, Attributes: n/a, ShareMode: Read, Write, Delete, AllocationSize: n/a, OpenResult: Opened"
"21:53:19.0018551","TestVirus.exe","31712","QueryStatInformation","C:\Windows\apppatch\MergeSdbFilesSource\sysMerge.sdb","SUCCESS",""
"21:53:19.0018789","TestVirus.exe","31712","CloseFile","C:\Windows\apppatch\MergeSdbFilesSource\sysMerge.sdb","SUCCESS",""
"21:53:19.0019436","TestVirus.exe","31712","RegOpenKey","HKLM\Software\Microsoft\Windows NT\CurrentVersion\AppCompatFlags\SdbUpdates","SUCCESS","Desired Access: Read"
"21:53:19.0019739","TestVirus.exe","31712","RegQueryValue","HKLM\SOFTWARE\Microsoft\Windows NT\CurrentVersion\AppCompatFlags\SdbUpdates\DisableDoubleQuerySdbs","NAME NOT FOUND","Length: 20"
"21:53:19.0020019","TestVirus.exe","31712","RegCloseKey","HKLM\SOFTWARE\Microsoft\Windows NT\CurrentVersion\AppCompatFlags\SdbUpdates","SUCCESS",""
"21:53:19.0020439","TestVirus.exe","31712","RegOpenKey","HKLM\Software\Microsoft\Windows NT\CurrentVersion\AppCompatFlags\SdbUpdates\ManifestedMergeStubSdbs","SUCCESS","Desired Access: Read"
"21:53:19.0020940","TestVirus.exe","31712","RegEnumValue","HKLM\SOFTWARE\Microsoft\Windows NT\CurrentVersion\AppCompatFlags\SdbUpdates\ManifestedMergeStubSdbs","SUCCESS","Index: 0, Type: REG_SZ, Length: 24, Data: sysmain.sdb"
"21:53:19.0021181","TestVirus.exe","31712","RegEnumValue","HKLM\SOFTWARE\Microsoft\Windows NT\CurrentVersion\AppCompatFlags\SdbUpdates\ManifestedMergeStubSdbs","SUCCESS","Index: 1, Type: REG_SZ, Length: 24, Data: msimain.sdb"
"21:53:19.0021650","TestVirus.exe","31712","RegEnumValue","HKLM\SOFTWARE\Microsoft\Windows NT\CurrentVersion\AppCompatFlags\SdbUpdates\ManifestedMergeStubSdbs","NO MORE ENTRIES","Index: 2, Length: 42"
"21:53:19.0021910","TestVirus.exe","31712","RegCloseKey","HKLM\SOFTWARE\Microsoft\Windows NT\CurrentVersion\AppCompatFlags\SdbUpdates\ManifestedMergeStubSdbs","SUCCESS",""
"21:53:19.0022153","TestVirus.exe","31712","RegCloseKey","HKLM\SOFTWARE\Microsoft\Windows NT\CurrentVersion\AppCompatFlags\SdbUpdates","SUCCESS",""
"21:53:19.0025357","TestVirus.exe","31712","CreateFile","C:\Windows\apppatch\MergeSdbFilesSource\sysMerge.sdb","SUCCESS","Desired Access: Read Attributes, Disposition: Open, Options: Open For Backup, Open Reparse Point, Attributes: n/a, ShareMode: Read, Write, Delete, AllocationSize: n/a, OpenResult: Opened"
"21:53:19.0026128","TestVirus.exe","31712","QueryStatInformation","C:\Windows\apppatch\MergeSdbFilesSource\sysMerge.sdb","SUCCESS",""
"21:53:19.0026511","TestVirus.exe","31712","CloseFile","C:\Windows\apppatch\MergeSdbFilesSource\sysMerge.sdb","SUCCESS",""
"21:53:19.0027188","TestVirus.exe","31712","RegOpenKey","HKLM\Software\Microsoft\Windows NT\CurrentVersion\AppCompatFlags\SdbUpdates","SUCCESS","Desired Access: Read"
"21:53:19.0027483","TestVirus.exe","31712","RegQueryValue","HKLM\SOFTWARE\Microsoft\Windows NT\CurrentVersion\AppCompatFlags\SdbUpdates\StagedDelete_sysmain.sdb","NAME NOT FOUND","Length: 0"
"21:53:19.0027711","TestVirus.exe","31712","RegCloseKey","HKLM\SOFTWARE\Microsoft\Windows NT\CurrentVersion\AppCompatFlags\SdbUpdates","SUCCESS",""
"21:53:19.0027939","TestVirus.exe","31712","RegOpenKey","HKLM\Software\Microsoft\Windows NT\CurrentVersion\AppCompatFlags\SdbUpdates","SUCCESS","Desired Access: Read"
"21:53:19.0028170","TestVirus.exe","31712","RegQueryValue","HKLM\SOFTWARE\Microsoft\Windows NT\CurrentVersion\AppCompatFlags\SdbUpdates\sysmain.sdb","BUFFER TOO SMALL","Length: 0"
"21:53:19.0028368","TestVirus.exe","31712","RegQueryValue","HKLM\SOFTWARE\Microsoft\Windows NT\CurrentVersion\AppCompatFlags\SdbUpdates\sysmain.sdb","SUCCESS","Type: REG_SZ, Length: 58, Data: 01DD3567D0AE8D85.sysmain.sdb"
"21:53:19.0028591","TestVirus.exe","31712","RegQueryValue","HKLM\SOFTWARE\Microsoft\Windows NT\CurrentVersion\AppCompatFlags\SdbUpdates\MergeVer_sysmain.sdb","SUCCESS","Type: REG_DWORD, Length: 4, Data: 1"
"21:53:19.0028790","TestVirus.exe","31712","RegQueryValue","HKLM\SOFTWARE\Microsoft\Windows NT\CurrentVersion\AppCompatFlags\SdbUpdates\MergeVer","SUCCESS","Type: REG_DWORD, Length: 4, Data: 1"
"21:53:19.0028963","TestVirus.exe","31712","RegQueryValue","HKLM\SOFTWARE\Microsoft\Windows NT\CurrentVersion\AppCompatFlags\SdbUpdates\MinMergeVer","SUCCESS","Type: REG_DWORD, Length: 4, Data: 0"
"21:53:19.0031164","TestVirus.exe","31712","CreateFile","C:\Windows\apppatch\01DD3567D0AE8D85.sysmain.sdb","SUCCESS","Desired Access: Read Attributes, Disposition: Open, Options: Open For Backup, Open Reparse Point, Attributes: n/a, ShareMode: Read, Write, Delete, AllocationSize: n/a, OpenResult: Opened"
"21:53:19.0031929","TestVirus.exe","31712","QueryStatInformation","C:\Windows\apppatch\01DD3567D0AE8D85.sysmain.sdb","SUCCESS",""
"21:53:19.0032232","TestVirus.exe","31712","CloseFile","C:\Windows\apppatch\01DD3567D0AE8D85.sysmain.sdb","SUCCESS",""
"21:53:19.0034380","TestVirus.exe","31712","CreateFile","C:\Windows\apppatch\sysmain.sdb","SUCCESS","Desired Access: Read Attributes, Disposition: Open, Options: Open For Backup, Open Reparse Point, Attributes: n/a, ShareMode: Read, Write, Delete, AllocationSize: n/a, OpenResult: Opened"
"21:53:19.0035064","TestVirus.exe","31712","QueryStatInformation","C:\Windows\apppatch\sysmain.sdb","SUCCESS",""
"21:53:19.0035324","TestVirus.exe","31712","CloseFile","C:\Windows\apppatch\sysmain.sdb","SUCCESS",""
"21:53:19.0035855","TestVirus.exe","31712","RegOpenKey","HKLM\Software\Microsoft\Windows NT\CurrentVersion\AppCompatFlags\SdbUpdates","SUCCESS","Desired Access: Read"
"21:53:19.0036124","TestVirus.exe","31712","RegQueryValue","HKLM\SOFTWARE\Microsoft\Windows NT\CurrentVersion\AppCompatFlags\SdbUpdates\DisableDoubleQuerySdbs","NAME NOT FOUND","Length: 20"
"21:53:19.0036338","TestVirus.exe","31712","RegCloseKey","HKLM\SOFTWARE\Microsoft\Windows NT\CurrentVersion\AppCompatFlags\SdbUpdates","SUCCESS",""
"21:53:19.0036571","TestVirus.exe","31712","RegOpenKey","HKLM\Software\Microsoft\Windows NT\CurrentVersion\AppCompatFlags\SdbUpdates\ManifestedMergeStubSdbs","SUCCESS","Desired Access: Read"
"21:53:19.0036800","TestVirus.exe","31712","RegEnumValue","HKLM\SOFTWARE\Microsoft\Windows NT\CurrentVersion\AppCompatFlags\SdbUpdates\ManifestedMergeStubSdbs","SUCCESS","Index: 0, Type: REG_SZ, Length: 24, Data: sysmain.sdb"
"21:53:19.0037005","TestVirus.exe","31712","RegEnumValue","HKLM\SOFTWARE\Microsoft\Windows NT\CurrentVersion\AppCompatFlags\SdbUpdates\ManifestedMergeStubSdbs","SUCCESS","Index: 0, Type: REG_SZ"
"21:53:19.0037781","TestVirus.exe","31712","RegCloseKey","HKLM\SOFTWARE\Microsoft\Windows NT\CurrentVersion\AppCompatFlags\SdbUpdates\ManifestedMergeStubSdbs","SUCCESS",""
"21:53:19.0041146","TestVirus.exe","31712","CreateFile","C:\Windows\apppatch\MergeSdbFilesSource\sysMerge.sdb","SUCCESS","Desired Access: Read Attributes, Disposition: Open, Options: Open For Backup, Open Reparse Point, Attributes: n/a, ShareMode: Read, Write, Delete, AllocationSize: n/a, OpenResult: Opened"
"21:53:19.0041838","TestVirus.exe","31712","QueryStatInformation","C:\Windows\apppatch\MergeSdbFilesSource\sysMerge.sdb","SUCCESS",""
"21:53:19.0042502","TestVirus.exe","31712","CloseFile","C:\Windows\apppatch\MergeSdbFilesSource\sysMerge.sdb","SUCCESS",""
"21:53:19.0043131","TestVirus.exe","31712","RegCloseKey","HKLM\SOFTWARE\Microsoft\Windows NT\CurrentVersion\AppCompatFlags\SdbUpdates","SUCCESS",""
"21:53:19.0050222","TestVirus.exe","31712","CreateFile","C:\Windows\apppatch\01DD3567D0AE8D85.sysmain.sdb","SUCCESS","Desired Access: Read Attributes, Disposition: Open, Options: Open For Backup, Open Reparse Point, Attributes: n/a, ShareMode: Read, Write, Delete, AllocationSize: n/a, OpenResult: Opened"
"21:53:19.0051176","TestVirus.exe","31712","QueryStatInformation","C:\Windows\apppatch\01DD3567D0AE8D85.sysmain.sdb","SUCCESS",""
"21:53:19.0051455","TestVirus.exe","31712","CloseFile","C:\Windows\apppatch\01DD3567D0AE8D85.sysmain.sdb","SUCCESS",""
"21:53:19.0052054","TestVirus.exe","31712","QueryBasicInformationFile","C:\Windows\System32\cmd.exe","SUCCESS","CreationTime: 07/08/2026 11:30:20, LastAccessTime: 06/09/2026 21:53:19, LastWriteTime: 07/08/2026 11:30:20, ChangeTime: 12/08/2026 11:27:17, FileAttributes: A"
"21:53:19.0052744","TestVirus.exe","31712","QueryBasicInformationFile","C:\Windows\System32\cmd.exe","SUCCESS","CreationTime: 07/08/2026 11:30:20, LastAccessTime: 06/09/2026 21:53:19, LastWriteTime: 07/08/2026 11:30:20, ChangeTime: 12/08/2026 11:27:17, FileAttributes: A"
"21:53:19.0053031","TestVirus.exe","31712","QueryNameInformationFile","C:\Windows\System32\cmd.exe","SUCCESS","Name: \Windows\System32\cmd.exe"
"21:53:19.0054191","TestVirus.exe","31712","RegOpenKey","HKLM\Software\Microsoft\Windows NT\CurrentVersion\AppCompatFlags\SdbUpdates","SUCCESS","Desired Access: Read"
"21:53:19.0055661","TestVirus.exe","31712","RegQueryValue","HKLM\SOFTWARE\Microsoft\Windows NT\CurrentVersion\AppCompatFlags\SdbUpdates\StagedDelete_sysmain.sdb","NAME NOT FOUND","Length: 0"
"21:53:19.0055922","TestVirus.exe","31712","RegCloseKey","HKLM\SOFTWARE\Microsoft\Windows NT\CurrentVersion\AppCompatFlags\SdbUpdates","SUCCESS",""
"21:53:19.0056199","TestVirus.exe","31712","RegOpenKey","HKLM\Software\Microsoft\Windows NT\CurrentVersion\AppCompatFlags\SdbUpdates","SUCCESS","Desired Access: Read"
"21:53:19.0056495","TestVirus.exe","31712","RegQueryValue","HKLM\SOFTWARE\Microsoft\Windows NT\CurrentVersion\AppCompatFlags\SdbUpdates\sysmain.sdb","BUFFER TOO SMALL","Length: 0"
"21:53:19.0056696","TestVirus.exe","31712","RegQueryValue","HKLM\SOFTWARE\Microsoft\Windows NT\CurrentVersion\AppCompatFlags\SdbUpdates\sysmain.sdb","SUCCESS","Type: REG_SZ, Length: 58, Data: 01DD3567D0AE8D85.sysmain.sdb"
"21:53:19.0056998","TestVirus.exe","31712","RegQueryValue","HKLM\SOFTWARE\Microsoft\Windows NT\CurrentVersion\AppCompatFlags\SdbUpdates\MergeVer_sysmain.sdb","SUCCESS","Type: REG_DWORD, Length: 4, Data: 1"
"21:53:19.0057216","TestVirus.exe","31712","RegQueryValue","HKLM\SOFTWARE\Microsoft\Windows NT\CurrentVersion\AppCompatFlags\SdbUpdates\MergeVer","SUCCESS","Type: REG_DWORD, Length: 4, Data: 1"
"21:53:19.0057417","TestVirus.exe","31712","RegQueryValue","HKLM\SOFTWARE\Microsoft\Windows NT\CurrentVersion\AppCompatFlags\SdbUpdates\MinMergeVer","SUCCESS","Type: REG_DWORD, Length: 4, Data: 0"
"21:53:19.0060948","TestVirus.exe","31712","CreateFile","C:\Windows\apppatch\01DD3567D0AE8D85.sysmain.sdb","SUCCESS","Desired Access: Read Attributes, Disposition: Open, Options: Open For Backup, Open Reparse Point, Attributes: n/a, ShareMode: Read, Write, Delete, AllocationSize: n/a, OpenResult: Opened"
"21:53:19.0061671","TestVirus.exe","31712","QueryStatInformation","C:\Windows\apppatch\01DD3567D0AE8D85.sysmain.sdb","SUCCESS",""
"21:53:19.0061979","TestVirus.exe","31712","CloseFile","C:\Windows\apppatch\01DD3567D0AE8D85.sysmain.sdb","SUCCESS",""
"21:53:19.0065368","TestVirus.exe","31712","CreateFile","C:\Windows\apppatch\sysmain.sdb","SUCCESS","Desired Access: Read Attributes, Disposition: Open, Options: Open For Backup, Open Reparse Point, Attributes: n/a, ShareMode: Read, Write, Delete, AllocationSize: n/a, OpenResult: Opened"
"21:53:19.0066219","TestVirus.exe","31712","QueryStatInformation","C:\Windows\apppatch\sysmain.sdb","SUCCESS",""
"21:53:19.0066889","TestVirus.exe","31712","CloseFile","C:\Windows\apppatch\sysmain.sdb","SUCCESS",""
"21:53:19.0067605","TestVirus.exe","31712","RegOpenKey","HKLM\Software\Microsoft\Windows NT\CurrentVersion\AppCompatFlags\SdbUpdates","SUCCESS","Desired Access: Read"
"21:53:19.0067881","TestVirus.exe","31712","RegQueryValue","HKLM\SOFTWARE\Microsoft\Windows NT\CurrentVersion\AppCompatFlags\SdbUpdates\DisableDoubleQuerySdbs","NAME NOT FOUND","Length: 20"
"21:53:19.0068106","TestVirus.exe","31712","RegCloseKey","HKLM\SOFTWARE\Microsoft\Windows NT\CurrentVersion\AppCompatFlags\SdbUpdates","SUCCESS",""
"21:53:19.0068394","TestVirus.exe","31712","RegOpenKey","HKLM\Software\Microsoft\Windows NT\CurrentVersion\AppCompatFlags\SdbUpdates\ManifestedMergeStubSdbs","SUCCESS","Desired Access: Read"
"21:53:19.0068626","TestVirus.exe","31712","RegEnumValue","HKLM\SOFTWARE\Microsoft\Windows NT\CurrentVersion\AppCompatFlags\SdbUpdates\ManifestedMergeStubSdbs","SUCCESS","Index: 0, Type: REG_SZ, Length: 24, Data: sysmain.sdb"
"21:53:19.0068993","TestVirus.exe","31712","RegEnumValue","HKLM\SOFTWARE\Microsoft\Windows NT\CurrentVersion\AppCompatFlags\SdbUpdates\ManifestedMergeStubSdbs","SUCCESS","Index: 0, Type: REG_SZ"
"21:53:19.0069414","TestVirus.exe","31712","RegCloseKey","HKLM\SOFTWARE\Microsoft\Windows NT\CurrentVersion\AppCompatFlags\SdbUpdates\ManifestedMergeStubSdbs","SUCCESS",""
"21:53:19.0072018","TestVirus.exe","31712","CreateFile","C:\Windows\apppatch\MergeSdbFilesSource\sysMerge.sdb","SUCCESS","Desired Access: Read Attributes, Disposition: Open, Options: Open For Backup, Open Reparse Point, Attributes: n/a, ShareMode: Read, Write, Delete, AllocationSize: n/a, OpenResult: Opened"
"21:53:19.0073069","TestVirus.exe","31712","QueryStatInformation","C:\Windows\apppatch\MergeSdbFilesSource\sysMerge.sdb","SUCCESS",""
"21:53:19.0074138","TestVirus.exe","31712","CloseFile","C:\Windows\apppatch\MergeSdbFilesSource\sysMerge.sdb","SUCCESS",""
"21:53:19.0075496","TestVirus.exe","31712","RegCloseKey","HKLM\SOFTWARE\Microsoft\Windows NT\CurrentVersion\AppCompatFlags\SdbUpdates","SUCCESS",""
"21:53:19.0077554","TestVirus.exe","31712","CreateFile","C:\Windows\apppatch\01DD3567D0AE8D85.sysmain.sdb","SUCCESS","Desired Access: Generic Read, Disposition: Open, Options: Synchronous IO Non-Alert, Non-Directory File, Attributes: N, ShareMode: Read, Delete, AllocationSize: n/a, OpenResult: Opened"
"21:53:19.0078571","TestVirus.exe","31712","QueryStandardInformationFile","C:\Windows\apppatch\01DD3567D0AE8D85.sysmain.sdb","SUCCESS","AllocationSize: 4,136,960, EndOfFile: 4,136,110, NumberOfLinks: 1, DeletePending: False, Directory: False"
"21:53:19.0079408","TestVirus.exe","31712","QueryStandardInformationFile","C:\Windows\apppatch\01DD3567D0AE8D85.sysmain.sdb","SUCCESS","AllocationSize: 4,136,960, EndOfFile: 4,136,110, NumberOfLinks: 1, DeletePending: False, Directory: False"
"21:53:19.0079856","TestVirus.exe","31712","CreateFileMapping","C:\Windows\apppatch\01DD3567D0AE8D85.sysmain.sdb","FILE LOCKED WITH ONLY READERS","SyncType: SyncTypeCreateSection, PageProtection: PAGE_READONLY"
"21:53:19.0080139","TestVirus.exe","31712","QueryStandardInformationFile","C:\Windows\apppatch\01DD3567D0AE8D85.sysmain.sdb","SUCCESS","AllocationSize: 4,136,960, EndOfFile: 4,136,110, NumberOfLinks: 1, DeletePending: False, Directory: False"
"21:53:19.0080833","TestVirus.exe","31712","CreateFileMapping","C:\Windows\apppatch\01DD3567D0AE8D85.sysmain.sdb","SUCCESS","SyncType: SyncTypeOther"
"21:53:19.0081959","TestVirus.exe","31712","RegOpenKey","HKLM\Software\Microsoft\Windows NT\CurrentVersion\AppCompatFlags\SdbUpdates","SUCCESS","Desired Access: Read"
"21:53:19.0082227","TestVirus.exe","31712","RegQueryValue","HKLM\SOFTWARE\Microsoft\Windows NT\CurrentVersion\AppCompatFlags\SdbUpdates\DisableDoubleQuerySdbs","NAME NOT FOUND","Length: 20"
"21:53:19.0082522","TestVirus.exe","31712","RegCloseKey","HKLM\SOFTWARE\Microsoft\Windows NT\CurrentVersion\AppCompatFlags\SdbUpdates","SUCCESS",""
"21:53:19.0082804","TestVirus.exe","31712","RegOpenKey","HKLM\Software\Microsoft\Windows NT\CurrentVersion\AppCompatFlags\SdbUpdates\ManifestedMergeStubSdbs","SUCCESS","Desired Access: Read"
"21:53:19.0083267","TestVirus.exe","31712","RegEnumValue","HKLM\SOFTWARE\Microsoft\Windows NT\CurrentVersion\AppCompatFlags\SdbUpdates\ManifestedMergeStubSdbs","SUCCESS","Index: 0, Type: REG_SZ, Length: 24, Data: sysmain.sdb"
"21:53:19.0083471","TestVirus.exe","31712","RegEnumValue","HKLM\SOFTWARE\Microsoft\Windows NT\CurrentVersion\AppCompatFlags\SdbUpdates\ManifestedMergeStubSdbs","SUCCESS","Index: 0, Type: REG_SZ"
"21:53:19.0084437","TestVirus.exe","31712","RegCloseKey","HKLM\SOFTWARE\Microsoft\Windows NT\CurrentVersion\AppCompatFlags\SdbUpdates\ManifestedMergeStubSdbs","SUCCESS",""
"21:53:19.0084905","TestVirus.exe","31712","RegOpenKey","HKLM\Software\Microsoft\Windows NT\CurrentVersion\AppCompatFlags\SdbUpdates","SUCCESS","Desired Access: Read"
"21:53:19.0085822","TestVirus.exe","31712","RegQueryValue","HKLM\SOFTWARE\Microsoft\Windows NT\CurrentVersion\AppCompatFlags\SdbUpdates\StagedDelete_sysMerge.sdb","NAME NOT FOUND","Length: 0"
"21:53:19.0086105","TestVirus.exe","31712","RegCloseKey","HKLM\SOFTWARE\Microsoft\Windows NT\CurrentVersion\AppCompatFlags\SdbUpdates","SUCCESS",""
"21:53:19.0086398","TestVirus.exe","31712","RegOpenKey","HKLM\Software\Microsoft\Windows NT\CurrentVersion\AppCompatFlags\SdbUpdates","SUCCESS","Desired Access: Read"
"21:53:19.0086720","TestVirus.exe","31712","RegQueryValue","HKLM\SOFTWARE\Microsoft\Windows NT\CurrentVersion\AppCompatFlags\SdbUpdates\sysMerge.sdb","BUFFER TOO SMALL","Length: 0"
"21:53:19.0086920","TestVirus.exe","31712","RegQueryValue","HKLM\SOFTWARE\Microsoft\Windows NT\CurrentVersion\AppCompatFlags\SdbUpdates\sysMerge.sdb","SUCCESS","Type: REG_SZ, Length: 58, Data: 01DD139BFED4EF25.sysmain.sdb"
"21:53:19.0087132","TestVirus.exe","31712","RegQueryValue","HKLM\SOFTWARE\Microsoft\Windows NT\CurrentVersion\AppCompatFlags\SdbUpdates\MergeVer_sysMerge.sdb","SUCCESS","Type: REG_DWORD, Length: 4, Data: 1"
"21:53:19.0087346","TestVirus.exe","31712","RegQueryValue","HKLM\SOFTWARE\Microsoft\Windows NT\CurrentVersion\AppCompatFlags\SdbUpdates\MergeVer","SUCCESS","Type: REG_DWORD, Length: 4, Data: 1"
"21:53:19.0087548","TestVirus.exe","31712","RegQueryValue","HKLM\SOFTWARE\Microsoft\Windows NT\CurrentVersion\AppCompatFlags\SdbUpdates\MinMergeVer","SUCCESS","Type: REG_DWORD, Length: 4, Data: 0"
"21:53:19.0089396","TestVirus.exe","31712","CreateFile","C:\Windows\apppatch\MergeSdbFilesSource\01DD139BFED4EF25.sysmain.sdb","SUCCESS","Desired Access: Read Attributes, Disposition: Open, Options: Open For Backup, Open Reparse Point, Attributes: n/a, ShareMode: Read, Write, Delete, AllocationSize: n/a, OpenResult: Opened"
"21:53:19.0089915","TestVirus.exe","31712","QueryStatInformation","C:\Windows\apppatch\MergeSdbFilesSource\01DD139BFED4EF25.sysmain.sdb","SUCCESS",""
"21:53:19.0090208","TestVirus.exe","31712","CloseFile","C:\Windows\apppatch\MergeSdbFilesSource\01DD139BFED4EF25.sysmain.sdb","SUCCESS",""
"21:53:19.0107028","TestVirus.exe","31712","CreateFile","C:\Windows\apppatch\MergeSdbFilesSource\sysMerge.sdb","SUCCESS","Desired Access: Read Attributes, Disposition: Open, Options: Open For Backup, Open Reparse Point, Attributes: n/a, ShareMode: Read, Write, Delete, AllocationSize: n/a, OpenResult: Opened"
"21:53:19.0108132","TestVirus.exe","31712","QueryStatInformation","C:\Windows\apppatch\MergeSdbFilesSource\sysMerge.sdb","SUCCESS",""
"21:53:19.0108478","TestVirus.exe","31712","CloseFile","C:\Windows\apppatch\MergeSdbFilesSource\sysMerge.sdb","SUCCESS",""
"21:53:19.0115848","TestVirus.exe","31712","RegOpenKey","HKLM\Software\Microsoft\Windows NT\CurrentVersion\AppCompatFlags\SdbUpdates","SUCCESS","Desired Access: Read"
"21:53:19.0116214","TestVirus.exe","31712","RegQueryValue","HKLM\SOFTWARE\Microsoft\Windows NT\CurrentVersion\AppCompatFlags\SdbUpdates\DisableDoubleQuerySdbs","NAME NOT FOUND","Length: 20"
"21:53:19.0116466","TestVirus.exe","31712","RegCloseKey","HKLM\SOFTWARE\Microsoft\Windows NT\CurrentVersion\AppCompatFlags\SdbUpdates","SUCCESS",""
"21:53:19.0117157","TestVirus.exe","31712","RegOpenKey","HKLM\Software\Microsoft\Windows NT\CurrentVersion\AppCompatFlags\SdbUpdates\ManifestedMergeStubSdbs","SUCCESS","Desired Access: Read"
"21:53:19.0117434","TestVirus.exe","31712","RegEnumValue","HKLM\SOFTWARE\Microsoft\Windows NT\CurrentVersion\AppCompatFlags\SdbUpdates\ManifestedMergeStubSdbs","SUCCESS","Index: 0, Type: REG_SZ, Length: 24, Data: sysmain.sdb"
"21:53:19.0117618","TestVirus.exe","31712","RegEnumValue","HKLM\SOFTWARE\Microsoft\Windows NT\CurrentVersion\AppCompatFlags\SdbUpdates\ManifestedMergeStubSdbs","SUCCESS","Index: 1, Type: REG_SZ, Length: 24, Data: msimain.sdb"
"21:53:19.0117785","TestVirus.exe","31712","RegEnumValue","HKLM\SOFTWARE\Microsoft\Windows NT\CurrentVersion\AppCompatFlags\SdbUpdates\ManifestedMergeStubSdbs","NO MORE ENTRIES","Index: 2, Length: 42"
"21:53:19.0118263","TestVirus.exe","31712","RegCloseKey","HKLM\SOFTWARE\Microsoft\Windows NT\CurrentVersion\AppCompatFlags\SdbUpdates\ManifestedMergeStubSdbs","SUCCESS",""
"21:53:19.0118468","TestVirus.exe","31712","RegCloseKey","HKLM\SOFTWARE\Microsoft\Windows NT\CurrentVersion\AppCompatFlags\SdbUpdates","SUCCESS",""
"21:53:19.0118794","TestVirus.exe","31712","QueryStandardInformationFile","C:\Windows\System32\cmd.exe","SUCCESS","AllocationSize: 344,064, EndOfFile: 344,064, NumberOfLinks: 2, DeletePending: False, Directory: False"
"21:53:19.0120433","TestVirus.exe","31712","RegOpenKey","HKLM\Software\Microsoft\Windows NT\CurrentVersion\AppCompatFlags\Layers","SUCCESS","Desired Access: Read"
"21:53:19.0120896","TestVirus.exe","31712","RegQueryValue","HKLM\SOFTWARE\Microsoft\Windows NT\CurrentVersion\AppCompatFlags\Layers\C:\WINDOWS\system32\cmd.exe","NAME NOT FOUND","Length: 1,024"
"21:53:19.0121160","TestVirus.exe","31712","RegCloseKey","HKLM\SOFTWARE\Microsoft\Windows NT\CurrentVersion\AppCompatFlags\Layers","SUCCESS",""
"21:53:19.0121477","TestVirus.exe","31712","RegOpenKey","HKCU\Software\Microsoft\Windows NT\CurrentVersion\AppCompatFlags\Layers","NAME NOT FOUND","Desired Access: Read"
"21:53:19.0121880","TestVirus.exe","31712","RegOpenKey","HKLM\Software\Microsoft\Windows NT\CurrentVersion\AppCompatFlags\Custom\cmd.exe","NAME NOT FOUND","Desired Access: Read"
"21:53:19.0123753","TestVirus.exe","31712","QueryStandardInformationFile","C:\Windows\System32\cmd.exe","SUCCESS","AllocationSize: 344,064, EndOfFile: 344,064, NumberOfLinks: 2, DeletePending: False, Directory: False"
"21:53:19.0124041","TestVirus.exe","31712","CreateFileMapping","C:\Windows\System32\cmd.exe","FILE LOCKED WITH ONLY READERS","SyncType: SyncTypeCreateSection, PageProtection: PAGE_READONLY"
"21:53:19.0124283","TestVirus.exe","31712","QueryStandardInformationFile","C:\Windows\System32\cmd.exe","SUCCESS","AllocationSize: 344,064, EndOfFile: 344,064, NumberOfLinks: 2, DeletePending: False, Directory: False"
"21:53:19.0124719","TestVirus.exe","31712","CreateFileMapping","C:\WINDOWS\system32\cmd.exe","SUCCESS","SyncType: SyncTypeOther"
"21:53:19.0184465","TestVirus.exe","31712","CloseFile","C:\Windows\apppatch\01DD3567D0AE8D85.sysmain.sdb","SUCCESS",""
"21:53:19.0187166","TestVirus.exe","31712","RegOpenKey","HKLM\Software\Microsoft\Windows\CurrentVersion\SideBySide","SUCCESS","Desired Access: Read"
"21:53:19.0187519","TestVirus.exe","31712","RegQueryValue","HKLM\SOFTWARE\Microsoft\Windows\CurrentVersion\SideBySide\PreferExternalManifest","NAME NOT FOUND","Length: 20"
"21:53:19.0187735","TestVirus.exe","31712","RegCloseKey","HKLM\SOFTWARE\Microsoft\Windows\CurrentVersion\SideBySide","SUCCESS",""
"21:53:19.0242468","TestVirus.exe","31712","RegOpenKey","HKLM\Software\Microsoft\Windows NT\CurrentVersion\AppCompatFlags\SdbUpdates","SUCCESS","Desired Access: Read"
"21:53:19.0242845","TestVirus.exe","31712","RegQueryValue","HKLM\SOFTWARE\Microsoft\Windows NT\CurrentVersion\AppCompatFlags\SdbUpdates\StagedDelete_sysmain.sdb","NAME NOT FOUND","Length: 0"
"21:53:19.0243060","TestVirus.exe","31712","RegCloseKey","HKLM\SOFTWARE\Microsoft\Windows NT\CurrentVersion\AppCompatFlags\SdbUpdates","SUCCESS",""
"21:53:19.0243268","TestVirus.exe","31712","RegOpenKey","HKLM\Software\Microsoft\Windows NT\CurrentVersion\AppCompatFlags\SdbUpdates","SUCCESS","Desired Access: Read"
"21:53:19.0243455","TestVirus.exe","31712","RegQueryValue","HKLM\SOFTWARE\Microsoft\Windows NT\CurrentVersion\AppCompatFlags\SdbUpdates\sysmain.sdb","BUFFER TOO SMALL","Length: 0"
"21:53:19.0243765","TestVirus.exe","31712","RegQueryValue","HKLM\SOFTWARE\Microsoft\Windows NT\CurrentVersion\AppCompatFlags\SdbUpdates\sysmain.sdb","SUCCESS","Type: REG_SZ, Length: 58, Data: 01DD3567D0AE8D85.sysmain.sdb"
"21:53:19.0244417","TestVirus.exe","31712","RegQueryValue","HKLM\SOFTWARE\Microsoft\Windows NT\CurrentVersion\AppCompatFlags\SdbUpdates\MergeVer_sysmain.sdb","SUCCESS","Type: REG_DWORD, Length: 4, Data: 1"
"21:53:19.0244786","TestVirus.exe","31712","RegQueryValue","HKLM\SOFTWARE\Microsoft\Windows NT\CurrentVersion\AppCompatFlags\SdbUpdates\MergeVer","SUCCESS","Type: REG_DWORD, Length: 4, Data: 1"
"21:53:19.0245697","TestVirus.exe","31712","RegQueryValue","HKLM\SOFTWARE\Microsoft\Windows NT\CurrentVersion\AppCompatFlags\SdbUpdates\MinMergeVer","SUCCESS","Type: REG_DWORD, Length: 4, Data: 0"
"21:53:19.0248252","TestVirus.exe","31712","CreateFile","C:\Windows\apppatch\01DD3567D0AE8D85.sysmain.sdb","SUCCESS","Desired Access: Read Attributes, Disposition: Open, Options: Open Reparse Point, Attributes: n/a, ShareMode: Read, Write, Delete, AllocationSize: n/a, OpenResult: Opened"
"21:53:19.0250530","TestVirus.exe","31712","QueryStatInformation","C:\Windows\apppatch\01DD3567D0AE8D85.sysmain.sdb","SUCCESS",""
"21:53:19.0250892","TestVirus.exe","31712","CloseFile","C:\Windows\apppatch\01DD3567D0AE8D85.sysmain.sdb","SUCCESS",""
"21:53:19.0254090","TestVirus.exe","31712","CreateFile","C:\Windows\apppatch\sysmain.sdb","SUCCESS","Desired Access: Read Attributes, Disposition: Open, Options: Open Reparse Point, Attributes: n/a, ShareMode: Read, Write, Delete, AllocationSize: n/a, OpenResult: Opened"
"21:53:19.0254752","TestVirus.exe","31712","QueryStatInformation","C:\Windows\apppatch\sysmain.sdb","SUCCESS",""
"21:53:19.0269068","TestVirus.exe","31712","CloseFile","C:\Windows\apppatch\sysmain.sdb","SUCCESS",""
"21:53:19.0270730","TestVirus.exe","31712","RegOpenKey","HKLM\Software\Microsoft\Windows NT\CurrentVersion\AppCompatFlags\SdbUpdates","SUCCESS","Desired Access: Read"
"21:53:19.0271887","TestVirus.exe","31712","RegQueryValue","HKLM\SOFTWARE\Microsoft\Windows NT\CurrentVersion\AppCompatFlags\SdbUpdates\DisableDoubleQuerySdbs","NAME NOT FOUND","Length: 20"
"21:53:19.0272133","TestVirus.exe","31712","RegCloseKey","HKLM\SOFTWARE\Microsoft\Windows NT\CurrentVersion\AppCompatFlags\SdbUpdates","SUCCESS",""
"21:53:19.0272541","TestVirus.exe","31712","RegOpenKey","HKLM\Software\Microsoft\Windows NT\CurrentVersion\AppCompatFlags\SdbUpdates\ManifestedMergeStubSdbs","SUCCESS","Desired Access: Read"
"21:53:19.0272860","TestVirus.exe","31712","RegEnumValue","HKLM\SOFTWARE\Microsoft\Windows NT\CurrentVersion\AppCompatFlags\SdbUpdates\ManifestedMergeStubSdbs","SUCCESS","Index: 0, Type: REG_SZ, Length: 24, Data: sysmain.sdb"
"21:53:19.0273518","TestVirus.exe","31712","RegEnumValue","HKLM\SOFTWARE\Microsoft\Windows NT\CurrentVersion\AppCompatFlags\SdbUpdates\ManifestedMergeStubSdbs","SUCCESS","Index: 0, Type: REG_SZ"
"21:53:19.0273830","TestVirus.exe","31712","RegCloseKey","HKLM\SOFTWARE\Microsoft\Windows NT\CurrentVersion\AppCompatFlags\SdbUpdates\ManifestedMergeStubSdbs","SUCCESS",""
"21:53:19.0276311","TestVirus.exe","31712","CreateFile","C:\Windows\apppatch\MergeSdbFilesSource\sysMerge.sdb","SUCCESS","Desired Access: Read Attributes, Disposition: Open, Options: Open Reparse Point, Attributes: n/a, ShareMode: Read, Write, Delete, AllocationSize: n/a, OpenResult: Opened"
"21:53:19.0277050","TestVirus.exe","31712","QueryStatInformation","C:\Windows\apppatch\MergeSdbFilesSource\sysMerge.sdb","SUCCESS",""
"21:53:19.0277282","TestVirus.exe","31712","CloseFile","C:\Windows\apppatch\MergeSdbFilesSource\sysMerge.sdb","SUCCESS",""
"21:53:19.0278426","TestVirus.exe","31712","RegCloseKey","HKLM\SOFTWARE\Microsoft\Windows NT\CurrentVersion\AppCompatFlags\SdbUpdates","SUCCESS",""
"21:53:19.0280716","TestVirus.exe","31712","CreateFile","C:\Windows\apppatch\01DD3567D0AE8D85.sysmain.sdb","SUCCESS","Desired Access: Generic Read, Disposition: Open, Options: Synchronous IO Non-Alert, Non-Directory File, Attributes: N, ShareMode: Read, Delete, AllocationSize: n/a, OpenResult: Opened"
"21:53:19.0281500","TestVirus.exe","31712","QueryStandardInformationFile","C:\Windows\apppatch\01DD3567D0AE8D85.sysmain.sdb","SUCCESS","AllocationSize: 4,136,960, EndOfFile: 4,136,110, NumberOfLinks: 1, DeletePending: False, Directory: False"
"21:53:19.0281784","TestVirus.exe","31712","QueryStandardInformationFile","C:\Windows\apppatch\01DD3567D0AE8D85.sysmain.sdb","SUCCESS","AllocationSize: 4,136,960, EndOfFile: 4,136,110, NumberOfLinks: 1, DeletePending: False, Directory: False"
"21:53:19.0294234","TestVirus.exe","31712","CreateFileMapping","C:\Windows\apppatch\01DD3567D0AE8D85.sysmain.sdb","FILE LOCKED WITH ONLY READERS","SyncType: SyncTypeCreateSection, PageProtection: PAGE_READONLY"
"21:53:19.0302058","TestVirus.exe","31712","QueryStandardInformationFile","C:\Windows\apppatch\01DD3567D0AE8D85.sysmain.sdb","SUCCESS","AllocationSize: 4,136,960, EndOfFile: 4,136,110, NumberOfLinks: 1, DeletePending: False, Directory: False"
"21:53:19.0304560","TestVirus.exe","31712","CreateFileMapping","C:\Windows\apppatch\01DD3567D0AE8D85.sysmain.sdb","SUCCESS","SyncType: SyncTypeOther"
"21:53:19.0306368","TestVirus.exe","31712","RegOpenKey","HKLM\Software\Microsoft\Windows NT\CurrentVersion\AppCompatFlags\SdbUpdates","SUCCESS","Desired Access: Read"
"21:53:19.0306918","TestVirus.exe","31712","RegQueryValue","HKLM\SOFTWARE\Microsoft\Windows NT\CurrentVersion\AppCompatFlags\SdbUpdates\DisableDoubleQuerySdbs","NAME NOT FOUND","Length: 20"
"21:53:19.0307196","TestVirus.exe","31712","RegCloseKey","HKLM\SOFTWARE\Microsoft\Windows NT\CurrentVersion\AppCompatFlags\SdbUpdates","SUCCESS",""
"21:53:19.0307527","TestVirus.exe","31712","RegOpenKey","HKLM\Software\Microsoft\Windows NT\CurrentVersion\AppCompatFlags\SdbUpdates\ManifestedMergeStubSdbs","SUCCESS","Desired Access: Read"
"21:53:19.0307886","TestVirus.exe","31712","RegEnumValue","HKLM\SOFTWARE\Microsoft\Windows NT\CurrentVersion\AppCompatFlags\SdbUpdates\ManifestedMergeStubSdbs","SUCCESS","Index: 0, Type: REG_SZ, Length: 24, Data: sysmain.sdb"
"21:53:19.0309119","TestVirus.exe","31712","RegEnumValue","HKLM\SOFTWARE\Microsoft\Windows NT\CurrentVersion\AppCompatFlags\SdbUpdates\ManifestedMergeStubSdbs","SUCCESS","Index: 0, Type: REG_SZ"
"21:53:19.0311931","TestVirus.exe","31712","RegCloseKey","HKLM\SOFTWARE\Microsoft\Windows NT\CurrentVersion\AppCompatFlags\SdbUpdates\ManifestedMergeStubSdbs","SUCCESS",""
"21:53:19.0315090","TestVirus.exe","31712","RegOpenKey","HKLM\Software\Microsoft\Windows NT\CurrentVersion\AppCompatFlags\SdbUpdates","SUCCESS","Desired Access: Read"
"21:53:19.0315456","TestVirus.exe","31712","RegQueryValue","HKLM\SOFTWARE\Microsoft\Windows NT\CurrentVersion\AppCompatFlags\SdbUpdates\StagedDelete_sysMerge.sdb","NAME NOT FOUND","Length: 0"
"21:53:19.0315733","TestVirus.exe","31712","RegCloseKey","HKLM\SOFTWARE\Microsoft\Windows NT\CurrentVersion\AppCompatFlags\SdbUpdates","SUCCESS",""
"21:53:19.0316067","TestVirus.exe","31712","RegOpenKey","HKLM\Software\Microsoft\Windows NT\CurrentVersion\AppCompatFlags\SdbUpdates","SUCCESS","Desired Access: Read"
"21:53:19.0316311","TestVirus.exe","31712","RegQueryValue","HKLM\SOFTWARE\Microsoft\Windows NT\CurrentVersion\AppCompatFlags\SdbUpdates\sysMerge.sdb","BUFFER TOO SMALL","Length: 0"
"21:53:19.0316628","TestVirus.exe","31712","RegQueryValue","HKLM\SOFTWARE\Microsoft\Windows NT\CurrentVersion\AppCompatFlags\SdbUpdates\sysMerge.sdb","SUCCESS","Type: REG_SZ, Length: 58, Data: 01DD139BFED4EF25.sysmain.sdb"
"21:53:19.0319046","TestVirus.exe","31712","RegQueryValue","HKLM\SOFTWARE\Microsoft\Windows NT\CurrentVersion\AppCompatFlags\SdbUpdates\MergeVer_sysMerge.sdb","SUCCESS","Type: REG_DWORD, Length: 4, Data: 1"
"21:53:19.0320683","TestVirus.exe","31712","RegQueryValue","HKLM\SOFTWARE\Microsoft\Windows NT\CurrentVersion\AppCompatFlags\SdbUpdates\MergeVer","SUCCESS","Type: REG_DWORD, Length: 4, Data: 1"
"21:53:19.0322810","TestVirus.exe","31712","RegQueryValue","HKLM\SOFTWARE\Microsoft\Windows NT\CurrentVersion\AppCompatFlags\SdbUpdates\MinMergeVer","SUCCESS","Type: REG_DWORD, Length: 4, Data: 0"
"21:53:19.0325460","TestVirus.exe","31712","CreateFile","C:\Windows\apppatch\MergeSdbFilesSource\01DD139BFED4EF25.sysmain.sdb","SUCCESS","Desired Access: Read Attributes, Disposition: Open, Options: Open Reparse Point, Attributes: n/a, ShareMode: Read, Write, Delete, AllocationSize: n/a, OpenResult: Opened"
"21:53:19.0326390","TestVirus.exe","31712","QueryStatInformation","C:\Windows\apppatch\MergeSdbFilesSource\01DD139BFED4EF25.sysmain.sdb","SUCCESS",""
"21:53:19.0327040","TestVirus.exe","31712","CloseFile","C:\Windows\apppatch\MergeSdbFilesSource\01DD139BFED4EF25.sysmain.sdb","SUCCESS",""
"21:53:19.0334354","TestVirus.exe","31712","CreateFile","C:\Windows\apppatch\MergeSdbFilesSource\sysMerge.sdb","SUCCESS","Desired Access: Read Attributes, Disposition: Open, Options: Open Reparse Point, Attributes: n/a, ShareMode: Read, Write, Delete, AllocationSize: n/a, OpenResult: Opened"
"21:53:19.0335642","TestVirus.exe","31712","QueryStatInformation","C:\Windows\apppatch\MergeSdbFilesSource\sysMerge.sdb","SUCCESS",""
"21:53:19.0336038","TestVirus.exe","31712","CloseFile","C:\Windows\apppatch\MergeSdbFilesSource\sysMerge.sdb","SUCCESS",""
"21:53:19.0336840","TestVirus.exe","31712","RegOpenKey","HKLM\Software\Microsoft\Windows NT\CurrentVersion\AppCompatFlags\SdbUpdates","SUCCESS","Desired Access: Read"
"21:53:19.0337717","TestVirus.exe","31712","RegQueryValue","HKLM\SOFTWARE\Microsoft\Windows NT\CurrentVersion\AppCompatFlags\SdbUpdates\DisableDoubleQuerySdbs","NAME NOT FOUND","Length: 20"
"21:53:19.0338582","TestVirus.exe","31712","RegCloseKey","HKLM\SOFTWARE\Microsoft\Windows NT\CurrentVersion\AppCompatFlags\SdbUpdates","SUCCESS",""
"21:53:19.0339073","TestVirus.exe","31712","RegOpenKey","HKLM\Software\Microsoft\Windows NT\CurrentVersion\AppCompatFlags\SdbUpdates\ManifestedMergeStubSdbs","SUCCESS","Desired Access: Read"
"21:53:19.0339927","TestVirus.exe","31712","RegEnumValue","HKLM\SOFTWARE\Microsoft\Windows NT\CurrentVersion\AppCompatFlags\SdbUpdates\ManifestedMergeStubSdbs","SUCCESS","Index: 0, Type: REG_SZ, Length: 24, Data: sysmain.sdb"
"21:53:19.0341148","TestVirus.exe","31712","RegEnumValue","HKLM\SOFTWARE\Microsoft\Windows NT\CurrentVersion\AppCompatFlags\SdbUpdates\ManifestedMergeStubSdbs","SUCCESS","Index: 1, Type: REG_SZ, Length: 24, Data: msimain.sdb"
"21:53:19.0341365","TestVirus.exe","31712","RegEnumValue","HKLM\SOFTWARE\Microsoft\Windows NT\CurrentVersion\AppCompatFlags\SdbUpdates\ManifestedMergeStubSdbs","NO MORE ENTRIES","Index: 2, Length: 42"
"21:53:19.0341681","TestVirus.exe","31712","RegCloseKey","HKLM\SOFTWARE\Microsoft\Windows NT\CurrentVersion\AppCompatFlags\SdbUpdates\ManifestedMergeStubSdbs","SUCCESS",""
"21:53:19.0343276","TestVirus.exe","31712","RegCloseKey","HKLM\SOFTWARE\Microsoft\Windows NT\CurrentVersion\AppCompatFlags\SdbUpdates","SUCCESS",""
"21:53:19.0347500","TestVirus.exe","31712","CloseFile","C:\Windows\apppatch\01DD3567D0AE8D85.sysmain.sdb","SUCCESS",""
"21:53:19.0350371","TestVirus.exe","31712","CloseFile","C:\Windows\System32\cmd.exe","SUCCESS",""
"21:53:19.3658451","TestVirus.exe","31712","CreateFile","C:\Windows\System32\cmd.exe","SUCCESS","Desired Access: Read Attributes, Disposition: Open, Options: Open Reparse Point, Attributes: n/a, ShareMode: Read, Write, Delete, AllocationSize: n/a, OpenResult: Opened"
"21:53:19.3658992","TestVirus.exe","31712","QueryNetworkOpenInformationFile","C:\Windows\System32\cmd.exe","SUCCESS","CreationTime: 07/08/2026 11:30:20, LastAccessTime: 06/09/2026 21:53:19, LastWriteTime: 07/08/2026 11:30:20, ChangeTime: 12/08/2026 11:27:17, AllocationSize: 01/01/1601 01:00:00, EndOfFile: 01/01/1601 01:00:00, FileAttributes: A"
"21:53:19.3659127","TestVirus.exe","31712","CloseFile","C:\Windows\System32\cmd.exe","SUCCESS",""
"21:53:19.3659835","TestVirus.exe","31712","RegOpenKey","HKLM\System\CurrentControlSet\Control\Session Manager\Memory Management","REPARSE","Desired Access: Query Value"
"21:53:19.3660030","TestVirus.exe","31712","RegOpenKey","HKLM\System\CurrentControlSet\Control\Session Manager\Memory Management","SUCCESS","Desired Access: Query Value"
"21:53:19.3660218","TestVirus.exe","31712","RegQueryValue","HKLM\System\CurrentControlSet\Control\Session Manager\Memory Management\HotPatchRestrictions","NAME NOT FOUND","Length: 20"
"21:53:19.3660364","TestVirus.exe","31712","RegCloseKey","HKLM\System\CurrentControlSet\Control\Session Manager\Memory Management","SUCCESS",""
"21:53:19.3660509","TestVirus.exe","31712","RegOpenKey","HKLM\SOFTWARE\Microsoft\Windows NT\CurrentVersion\Image File Execution Options\cmd.exe","NAME NOT FOUND","Desired Access: Query Value, Enumerate Sub Keys"
"21:53:19.3660663","TestVirus.exe","31712","RegOpenKey","HKLM\Software\Microsoft\Wow64\x86\xtajit","NAME NOT FOUND","Desired Access: Query Value"
"21:53:19.3662205","TestVirus.exe","31712","CreateFile","C:\Windows\System32\cmd.exe","SUCCESS","Desired Access: Read Data/List Directory, Execute/Traverse, Read Attributes, Synchronize, Disposition: Open, Options: Synchronous IO Non-Alert, Non-Directory File, Attributes: N, ShareMode: Read, Delete, AllocationSize: n/a, OpenResult: Opened"
"21:53:19.3662790","TestVirus.exe","31712","CreateFileMapping","C:\Windows\System32\cmd.exe","FILE LOCKED WITH ONLY READERS","SyncType: SyncTypeCreateSection, PageProtection: PAGE_EXECUTE"
"21:53:19.3663229","TestVirus.exe","31712","QueryEAFile","C:\Windows\System32\cmd.exe","SUCCESS",""
"21:53:19.3663575","TestVirus.exe","31712","FileSystemControl","C:\Windows\System32\cmd.exe","SUCCESS","Control: FSCTL_QUERY_USN_JOURNAL"
"21:53:19.3663904","TestVirus.exe","31712","CreateFileMapping","C:\Windows\System32\cmd.exe","SUCCESS","SyncType: SyncTypeOther"
"21:53:19.3664338","TestVirus.exe","31712","RegOpenKey","HKLM\SOFTWARE\Microsoft\Windows NT\CurrentVersion\Image File Execution Options\cmd.exe","NAME NOT FOUND","Desired Access: Query Value, Enumerate Sub Keys"
"21:53:19.3665064","TestVirus.exe","31712","QueryNameInformationFile","C:\Windows\System32\cmd.exe","SUCCESS","Name: \Windows\System32\cmd.exe"
"21:53:19.3995340","TestVirus.exe","31712","QuerySecurityFile","C:\Windows\System32\cmd.exe","SUCCESS","Information: Owner, Group, DACL, SACL, Label, Attribute, Process Trust Label, 0x100"
"21:53:19.3995711","TestVirus.exe","31712","RegOpenKey","HKLM\System\CurrentControlSet\Control\AppID\Configuration\SMARTLOCKER","REPARSE","Desired Access: Read"
"21:53:19.3996017","TestVirus.exe","31712","RegOpenKey","HKLM\System\CurrentControlSet\Control\AppID\Configuration\SMARTLOCKER","SUCCESS","Desired Access: Read"
"21:53:19.3996278","TestVirus.exe","31712","RegQueryValue","HKLM\System\CurrentControlSet\Control\AppID\Configuration\SMARTLOCKER\DISABLED","NAME NOT FOUND","Length: 48"
"21:53:19.3996563","TestVirus.exe","31712","RegCloseKey","HKLM\System\CurrentControlSet\Control\AppID\Configuration\SMARTLOCKER","SUCCESS",""
"21:53:19.3996750","TestVirus.exe","31712","RegOpenKey","HKLM\System\CurrentControlSet\Control\AppID\Configuration\SMARTLOCKER","REPARSE","Desired Access: Read"
"21:53:19.3997115","TestVirus.exe","31712","RegOpenKey","HKLM\System\CurrentControlSet\Control\AppID\Configuration\SMARTLOCKER","SUCCESS","Desired Access: Read"
"21:53:19.3997300","TestVirus.exe","31712","RegQueryValue","HKLM\System\CurrentControlSet\Control\AppID\Configuration\SMARTLOCKER\ENABLED","SUCCESS","Type: REG_QWORD, Length: 8, Data: "
"21:53:19.3997488","TestVirus.exe","31712","RegCloseKey","HKLM\System\CurrentControlSet\Control\AppID\Configuration\SMARTLOCKER","SUCCESS",""
"21:53:19.3997667","TestVirus.exe","31712","RegOpenKey","HKLM\System\CurrentControlSet\Control\AppID\Configuration\SMARTLOCKER","REPARSE","Desired Access: Read"
"21:53:19.3997844","TestVirus.exe","31712","RegOpenKey","HKLM\System\CurrentControlSet\Control\AppID\Configuration\SMARTLOCKER","SUCCESS","Desired Access: Read"
"21:53:19.3998004","TestVirus.exe","31712","RegQueryValue","HKLM\System\CurrentControlSet\Control\AppID\Configuration\SMARTLOCKER\ENABLED","SUCCESS","Type: REG_QWORD, Length: 8, Data: "
"21:53:19.3998160","TestVirus.exe","31712","RegCloseKey","HKLM\System\CurrentControlSet\Control\AppID\Configuration\SMARTLOCKER","SUCCESS",""
"21:53:19.3998318","TestVirus.exe","31712","RegOpenKey","HKLM\System\CurrentControlSet\Control\AppID\Configuration\SMARTLOCKER","REPARSE","Desired Access: Read"
"21:53:19.3998492","TestVirus.exe","31712","RegOpenKey","HKLM\System\CurrentControlSet\Control\AppID\Configuration\SMARTLOCKER","SUCCESS","Desired Access: Read"
"21:53:19.3998648","TestVirus.exe","31712","RegQueryValue","HKLM\System\CurrentControlSet\Control\AppID\Configuration\SMARTLOCKER\DISABLED","NAME NOT FOUND","Length: 48"
"21:53:19.3998791","TestVirus.exe","31712","RegCloseKey","HKLM\System\CurrentControlSet\Control\AppID\Configuration\SMARTLOCKER","SUCCESS",""
"21:53:19.3999164","TestVirus.exe","31712","QueryEAFile","C:\Windows\System32\cmd.exe","SUCCESS",""
"21:53:19.3999640","TestVirus.exe","31712","QueryEAFile","C:\Windows\System32\cmd.exe","SUCCESS",""
"21:53:19.3999937","TestVirus.exe","31712","FileSystemControl","C:\Windows\System32\cmd.exe","SUCCESS","Control: FSCTL_READ_FILE_USN_DATA"
"21:53:19.4002149","TestVirus.exe","31712","RegOpenKey","HKLM\System\CurrentControlSet\Services\bam\State\UserSettings\S-1-5-21-1663969892-1486492031-3681852467-1002","SUCCESS","Desired Access: All Access"
"21:53:19.4002477","TestVirus.exe","31712","RegQueryValue","HKLM\System\CurrentControlSet\Services\bam\State\UserSettings\S-1-5-21-1663969892-1486492031-3681852467-1002\\Device\HarddiskVolume3\Windows\System32\cmd.exe","SUCCESS","Type: REG_BINARY, Length: 24, Data: CE 17 45 BF 41 3E DD 01 00 00 00 00 00 00 00 00"
"21:53:19.4002790","TestVirus.exe","31712","RegSetValue","HKLM\System\CurrentControlSet\Services\bam\State\UserSettings\S-1-5-21-1663969892-1486492031-3681852467-1002\\Device\HarddiskVolume3\Windows\System32\cmd.exe","SUCCESS","Type: REG_BINARY, Length: 24, Data: 2D FA 4A BF 41 3E DD 01 00 00 00 00 00 00 00 00"
"21:53:19.4004916","TestVirus.exe","31712","RegCloseKey","HKLM\System\CurrentControlSet\Services\bam\State\UserSettings\S-1-5-21-1663969892-1486492031-3681852467-1002","SUCCESS",""
"21:53:19.4005214","TestVirus.exe","31712","RegOpenKey","HKLM\SYSTEM\CurrentControlSet\Control\Session Manager\BAM","REPARSE","Desired Access: Query Value"
"21:53:19.4005492","TestVirus.exe","31712","RegOpenKey","HKLM\System\CurrentControlSet\Control\Session Manager\BAM","NAME NOT FOUND","Desired Access: Query Value"
"21:53:19.4009624","TestVirus.exe","31712","CreateFile","C:\Windows\System32\cmd.exe","SUCCESS","Desired Access: Read Attributes, Disposition: Open, Options: Non-Directory File, Attributes: n/a, ShareMode: Read, Write, AllocationSize: n/a, OpenResult: Opened"
"21:53:19.4010371","TestVirus.exe","31712","CloseFile","C:\Windows\System32\cmd.exe","SUCCESS",""
"21:53:19.4011236","TestVirus.exe","31712","QueryNameInformationFile","C:\Windows\System32\cmd.exe","SUCCESS","Name: \Windows\System32\cmd.exe"
"21:53:19.4013588","TestVirus.exe","31712","CreateFile","C:\Windows\System32\cmd.exe","SUCCESS","Desired Access: Read Data/List Directory, Read Attributes, Synchronize, Disposition: Open, Options: Sequential Access, Synchronous IO Alert, Non-Directory File, Attributes: N, ShareMode: Read, Delete, AllocationSize: n/a, OpenResult: Opened"
"21:53:19.4014230","TestVirus.exe","31712","QueryAllInformationFile","C:\Windows\System32\cmd.exe","SUCCESS","CreationTime: 07/08/2026 11:30:20, LastAccessTime: 06/09/2026 21:53:19, LastWriteTime: 07/08/2026 11:30:20, ChangeTime: 12/08/2026 11:27:17, FileAttributes: A, AllocationSize: 344,064, EndOfFile: 344,064"
"21:53:19.4014541","TestVirus.exe","31712","CloseFile","C:\Windows\System32\cmd.exe","SUCCESS",""
"21:53:19.4015173","TestVirus.exe","31712","Process Create","C:\WINDOWS\system32\cmd.exe","SUCCESS","PID: 21068, Command line: C:\WINDOWS\system32\cmd.exe /c net localgroup administrators newhacker /add >nul"
"21:53:19.4016679","TestVirus.exe","31712","RegOpenKey","HKCU\Software\Microsoft\Windows\CurrentVersion\Explorer\Shell Folders","SUCCESS","Desired Access: Query Value"
"21:53:19.4017057","TestVirus.exe","31712","RegQueryValue","HKCU\Software\Microsoft\Windows\CurrentVersion\Explorer\Shell Folders\Cache","SUCCESS","Type: REG_SZ, Length: 116, Data: C:\Users\Maahir\AppData\Local\Microsoft\Windows\INetCache"
"21:53:19.4017334","TestVirus.exe","31712","RegCloseKey","HKCU\Software\Microsoft\Windows\CurrentVersion\Explorer\Shell Folders","SUCCESS",""
"21:53:19.4017754","TestVirus.exe","31712","RegOpenKey","HKCU\Software\Microsoft\Windows NT\CurrentVersion\AppCompatFlags\Layers","NAME NOT FOUND","Desired Access: Query Value"
"21:53:19.4018224","TestVirus.exe","31712","QuerySecurityFile","C:\Windows\System32\cmd.exe","SUCCESS","Information: Owner, Group, DACL, SACL, Label, Attribute, Process Trust Label, 0x100"
"21:53:19.4020236","TestVirus.exe","31712","CreateFile","C:\Windows\apppatch\sysmain.sdb","SUCCESS","Desired Access: Read Attributes, Disposition: Open, Options: Open For Backup, Open Reparse Point, Attributes: n/a, ShareMode: Read, Write, Delete, AllocationSize: n/a, OpenResult: Opened"
"21:53:19.4020896","TestVirus.exe","31712","QueryStatInformation","C:\Windows\apppatch\sysmain.sdb","SUCCESS",""
"21:53:19.4021103","TestVirus.exe","31712","CloseFile","C:\Windows\apppatch\sysmain.sdb","SUCCESS",""
"21:53:19.4021530","TestVirus.exe","31712","RegOpenKey","HKLM\Software\Microsoft\Windows NT\CurrentVersion\AppCompatFlags\SdbUpdates","SUCCESS","Desired Access: Read"
"21:53:19.4021920","TestVirus.exe","31712","RegQueryValue","HKLM\SOFTWARE\Microsoft\Windows NT\CurrentVersion\AppCompatFlags\SdbUpdates\DisableDoubleQuerySdbs","NAME NOT FOUND","Length: 20"
"21:53:19.4022091","TestVirus.exe","31712","RegCloseKey","HKLM\SOFTWARE\Microsoft\Windows NT\CurrentVersion\AppCompatFlags\SdbUpdates","SUCCESS",""
"21:53:19.4022240","TestVirus.exe","31712","RegOpenKey","HKLM\Software\Microsoft\Windows NT\CurrentVersion\AppCompatFlags\SdbUpdates\ManifestedMergeStubSdbs","SUCCESS","Desired Access: Read"
"21:53:19.4022515","TestVirus.exe","31712","RegEnumValue","HKLM\SOFTWARE\Microsoft\Windows NT\CurrentVersion\AppCompatFlags\SdbUpdates\ManifestedMergeStubSdbs","SUCCESS","Index: 0, Type: REG_SZ, Length: 24, Data: sysmain.sdb"
"21:53:19.4022636","TestVirus.exe","31712","RegEnumValue","HKLM\SOFTWARE\Microsoft\Windows NT\CurrentVersion\AppCompatFlags\SdbUpdates\ManifestedMergeStubSdbs","SUCCESS","Index: 0, Type: REG_SZ"
"21:53:19.4022757","TestVirus.exe","31712","RegCloseKey","HKLM\SOFTWARE\Microsoft\Windows NT\CurrentVersion\AppCompatFlags\SdbUpdates\ManifestedMergeStubSdbs","SUCCESS",""
"21:53:19.4023001","TestVirus.exe","31712","RegOpenKey","HKLM\Software\Microsoft\Windows NT\CurrentVersion\AppCompatFlags\SdbUpdates","SUCCESS","Desired Access: Read"
"21:53:19.4023133","TestVirus.exe","31712","RegQueryValue","HKLM\SOFTWARE\Microsoft\Windows NT\CurrentVersion\AppCompatFlags\SdbUpdates\StagedDelete_sysMerge.sdb","NAME NOT FOUND","Length: 0"
"21:53:19.4023243","TestVirus.exe","31712","RegCloseKey","HKLM\SOFTWARE\Microsoft\Windows NT\CurrentVersion\AppCompatFlags\SdbUpdates","SUCCESS",""
"21:53:19.4023361","TestVirus.exe","31712","RegOpenKey","HKLM\Software\Microsoft\Windows NT\CurrentVersion\AppCompatFlags\SdbUpdates","SUCCESS","Desired Access: Read"
"21:53:19.4023483","TestVirus.exe","31712","RegQueryValue","HKLM\SOFTWARE\Microsoft\Windows NT\CurrentVersion\AppCompatFlags\SdbUpdates\sysMerge.sdb","BUFFER TOO SMALL","Length: 0"
"21:53:19.4023576","TestVirus.exe","31712","RegQueryValue","HKLM\SOFTWARE\Microsoft\Windows NT\CurrentVersion\AppCompatFlags\SdbUpdates\sysMerge.sdb","SUCCESS","Type: REG_SZ, Length: 58, Data: 01DD139BFED4EF25.sysmain.sdb"
"21:53:19.4023693","TestVirus.exe","31712","RegQueryValue","HKLM\SOFTWARE\Microsoft\Windows NT\CurrentVersion\AppCompatFlags\SdbUpdates\MergeVer_sysMerge.sdb","SUCCESS","Type: REG_DWORD, Length: 4, Data: 1"
"21:53:19.4023801","TestVirus.exe","31712","RegQueryValue","HKLM\SOFTWARE\Microsoft\Windows NT\CurrentVersion\AppCompatFlags\SdbUpdates\MergeVer","SUCCESS","Type: REG_DWORD, Length: 4, Data: 1"
"21:53:19.4023912","TestVirus.exe","31712","RegQueryValue","HKLM\SOFTWARE\Microsoft\Windows NT\CurrentVersion\AppCompatFlags\SdbUpdates\MinMergeVer","SUCCESS","Type: REG_DWORD, Length: 4, Data: 0"
"21:53:19.4025841","TestVirus.exe","31712","CreateFile","C:\Windows\apppatch\MergeSdbFilesSource\01DD139BFED4EF25.sysmain.sdb","SUCCESS","Desired Access: Read Attributes, Disposition: Open, Options: Open For Backup, Open Reparse Point, Attributes: n/a, ShareMode: Read, Write, Delete, AllocationSize: n/a, OpenResult: Opened"
"21:53:19.4026378","TestVirus.exe","31712","QueryStatInformation","C:\Windows\apppatch\MergeSdbFilesSource\01DD139BFED4EF25.sysmain.sdb","SUCCESS",""
"21:53:19.4026624","TestVirus.exe","31712","CloseFile","C:\Windows\apppatch\MergeSdbFilesSource\01DD139BFED4EF25.sysmain.sdb","SUCCESS",""
"21:53:19.4028291","TestVirus.exe","31712","CreateFile","C:\Windows\apppatch\MergeSdbFilesSource\sysMerge.sdb","SUCCESS","Desired Access: Read Attributes, Disposition: Open, Options: Open For Backup, Open Reparse Point, Attributes: n/a, ShareMode: Read, Write, Delete, AllocationSize: n/a, OpenResult: Opened"
"21:53:19.4028881","TestVirus.exe","31712","QueryStatInformation","C:\Windows\apppatch\MergeSdbFilesSource\sysMerge.sdb","SUCCESS",""
"21:53:19.4029104","TestVirus.exe","31712","CloseFile","C:\Windows\apppatch\MergeSdbFilesSource\sysMerge.sdb","SUCCESS",""
"21:53:19.4029601","TestVirus.exe","31712","RegOpenKey","HKLM\Software\Microsoft\Windows NT\CurrentVersion\AppCompatFlags\SdbUpdates","SUCCESS","Desired Access: Read"
"21:53:19.4029829","TestVirus.exe","31712","RegQueryValue","HKLM\SOFTWARE\Microsoft\Windows NT\CurrentVersion\AppCompatFlags\SdbUpdates\DisableDoubleQuerySdbs","NAME NOT FOUND","Length: 20"
"21:53:19.4030032","TestVirus.exe","31712","RegCloseKey","HKLM\SOFTWARE\Microsoft\Windows NT\CurrentVersion\AppCompatFlags\SdbUpdates","SUCCESS",""
"21:53:19.4030222","TestVirus.exe","31712","RegOpenKey","HKLM\Software\Microsoft\Windows NT\CurrentVersion\AppCompatFlags\SdbUpdates\ManifestedMergeStubSdbs","SUCCESS","Desired Access: Read"
"21:53:19.4030418","TestVirus.exe","31712","RegEnumValue","HKLM\SOFTWARE\Microsoft\Windows NT\CurrentVersion\AppCompatFlags\SdbUpdates\ManifestedMergeStubSdbs","SUCCESS","Index: 0, Type: REG_SZ, Length: 24, Data: sysmain.sdb"
"21:53:19.4030579","TestVirus.exe","31712","RegEnumValue","HKLM\SOFTWARE\Microsoft\Windows NT\CurrentVersion\AppCompatFlags\SdbUpdates\ManifestedMergeStubSdbs","SUCCESS","Index: 1, Type: REG_SZ, Length: 24, Data: msimain.sdb"
"21:53:19.4030716","TestVirus.exe","31712","RegEnumValue","HKLM\SOFTWARE\Microsoft\Windows NT\CurrentVersion\AppCompatFlags\SdbUpdates\ManifestedMergeStubSdbs","NO MORE ENTRIES","Index: 2, Length: 42"
"21:53:19.4030872","TestVirus.exe","31712","RegCloseKey","HKLM\SOFTWARE\Microsoft\Windows NT\CurrentVersion\AppCompatFlags\SdbUpdates\ManifestedMergeStubSdbs","SUCCESS",""
"21:53:19.4031016","TestVirus.exe","31712","RegCloseKey","HKLM\SOFTWARE\Microsoft\Windows NT\CurrentVersion\AppCompatFlags\SdbUpdates","SUCCESS",""
"21:53:19.4032589","TestVirus.exe","31712","CreateFile","C:\Windows\apppatch\MergeSdbFilesSource\sysMerge.sdb","SUCCESS","Desired Access: Read Attributes, Disposition: Open, Options: Open For Backup, Open Reparse Point, Attributes: n/a, ShareMode: Read, Write, Delete, AllocationSize: n/a, OpenResult: Opened"
"21:53:19.4033141","TestVirus.exe","31712","QueryStatInformation","C:\Windows\apppatch\MergeSdbFilesSource\sysMerge.sdb","SUCCESS",""
"21:53:19.4033369","TestVirus.exe","31712","CloseFile","C:\Windows\apppatch\MergeSdbFilesSource\sysMerge.sdb","SUCCESS",""
"21:53:19.4033730","TestVirus.exe","31712","RegOpenKey","HKLM\Software\Microsoft\Windows NT\CurrentVersion\AppCompatFlags\SdbUpdates","SUCCESS","Desired Access: Read"
"21:53:19.4033918","TestVirus.exe","31712","RegQueryValue","HKLM\SOFTWARE\Microsoft\Windows NT\CurrentVersion\AppCompatFlags\SdbUpdates\StagedDelete_sysmain.sdb","NAME NOT FOUND","Length: 0"
"21:53:19.4034103","TestVirus.exe","31712","RegCloseKey","HKLM\SOFTWARE\Microsoft\Windows NT\CurrentVersion\AppCompatFlags\SdbUpdates","SUCCESS",""
"21:53:19.4034232","TestVirus.exe","31712","RegOpenKey","HKLM\Software\Microsoft\Windows NT\CurrentVersion\AppCompatFlags\SdbUpdates","SUCCESS","Desired Access: Read"
"21:53:19.4034346","TestVirus.exe","31712","RegQueryValue","HKLM\SOFTWARE\Microsoft\Windows NT\CurrentVersion\AppCompatFlags\SdbUpdates\sysmain.sdb","BUFFER TOO SMALL","Length: 0"
"21:53:19.4034446","TestVirus.exe","31712","RegQueryValue","HKLM\SOFTWARE\Microsoft\Windows NT\CurrentVersion\AppCompatFlags\SdbUpdates\sysmain.sdb","SUCCESS","Type: REG_SZ, Length: 58, Data: 01DD3567D0AE8D85.sysmain.sdb"
"21:53:19.4034558","TestVirus.exe","31712","RegQueryValue","HKLM\SOFTWARE\Microsoft\Windows NT\CurrentVersion\AppCompatFlags\SdbUpdates\MergeVer_sysmain.sdb","SUCCESS","Type: REG_DWORD, Length: 4, Data: 1"
"21:53:19.4034661","TestVirus.exe","31712","RegQueryValue","HKLM\SOFTWARE\Microsoft\Windows NT\CurrentVersion\AppCompatFlags\SdbUpdates\MergeVer","SUCCESS","Type: REG_DWORD, Length: 4, Data: 1"
"21:53:19.4034752","TestVirus.exe","31712","RegQueryValue","HKLM\SOFTWARE\Microsoft\Windows NT\CurrentVersion\AppCompatFlags\SdbUpdates\MinMergeVer","SUCCESS","Type: REG_DWORD, Length: 4, Data: 0"
"21:53:19.4036250","TestVirus.exe","31712","CreateFile","C:\Windows\apppatch\01DD3567D0AE8D85.sysmain.sdb","SUCCESS","Desired Access: Read Attributes, Disposition: Open, Options: Open For Backup, Open Reparse Point, Attributes: n/a, ShareMode: Read, Write, Delete, AllocationSize: n/a, OpenResult: Opened"
"21:53:19.4036678","TestVirus.exe","31712","QueryStatInformation","C:\Windows\apppatch\01DD3567D0AE8D85.sysmain.sdb","SUCCESS",""
"21:53:19.4037442","TestVirus.exe","31712","CloseFile","C:\Windows\apppatch\01DD3567D0AE8D85.sysmain.sdb","SUCCESS",""
"21:53:19.4039530","TestVirus.exe","31712","CreateFile","C:\Windows\apppatch\sysmain.sdb","SUCCESS","Desired Access: Read Attributes, Disposition: Open, Options: Open For Backup, Open Reparse Point, Attributes: n/a, ShareMode: Read, Write, Delete, AllocationSize: n/a, OpenResult: Opened"
"21:53:19.4040102","TestVirus.exe","31712","QueryStatInformation","C:\Windows\apppatch\sysmain.sdb","SUCCESS",""
"21:53:19.4040289","TestVirus.exe","31712","CloseFile","C:\Windows\apppatch\sysmain.sdb","SUCCESS",""
"21:53:19.4040706","TestVirus.exe","31712","RegOpenKey","HKLM\Software\Microsoft\Windows NT\CurrentVersion\AppCompatFlags\SdbUpdates","SUCCESS","Desired Access: Read"
"21:53:19.4040983","TestVirus.exe","31712","RegQueryValue","HKLM\SOFTWARE\Microsoft\Windows NT\CurrentVersion\AppCompatFlags\SdbUpdates\DisableDoubleQuerySdbs","NAME NOT FOUND","Length: 20"
"21:53:19.4041726","TestVirus.exe","31712","RegCloseKey","HKLM\SOFTWARE\Microsoft\Windows NT\CurrentVersion\AppCompatFlags\SdbUpdates","SUCCESS",""
"21:53:19.4041998","TestVirus.exe","31712","RegOpenKey","HKLM\Software\Microsoft\Windows NT\CurrentVersion\AppCompatFlags\SdbUpdates\ManifestedMergeStubSdbs","SUCCESS","Desired Access: Read"
"21:53:19.4042253","TestVirus.exe","31712","RegEnumValue","HKLM\SOFTWARE\Microsoft\Windows NT\CurrentVersion\AppCompatFlags\SdbUpdates\ManifestedMergeStubSdbs","SUCCESS","Index: 0, Type: REG_SZ, Length: 24, Data: sysmain.sdb"
"21:53:19.4042479","TestVirus.exe","31712","RegEnumValue","HKLM\SOFTWARE\Microsoft\Windows NT\CurrentVersion\AppCompatFlags\SdbUpdates\ManifestedMergeStubSdbs","SUCCESS","Index: 0, Type: REG_SZ"
"21:53:19.4042612","TestVirus.exe","31712","RegCloseKey","HKLM\SOFTWARE\Microsoft\Windows NT\CurrentVersion\AppCompatFlags\SdbUpdates\ManifestedMergeStubSdbs","SUCCESS",""
"21:53:19.4044363","TestVirus.exe","31712","CreateFile","C:\Windows\apppatch\MergeSdbFilesSource\sysMerge.sdb","SUCCESS","Desired Access: Read Attributes, Disposition: Open, Options: Open For Backup, Open Reparse Point, Attributes: n/a, ShareMode: Read, Write, Delete, AllocationSize: n/a, OpenResult: Opened"
"21:53:19.4044964","TestVirus.exe","31712","QueryStatInformation","C:\Windows\apppatch\MergeSdbFilesSource\sysMerge.sdb","SUCCESS",""
"21:53:19.4045216","TestVirus.exe","31712","CloseFile","C:\Windows\apppatch\MergeSdbFilesSource\sysMerge.sdb","SUCCESS",""
"21:53:19.4046215","TestVirus.exe","31712","RegCloseKey","HKLM\SOFTWARE\Microsoft\Windows NT\CurrentVersion\AppCompatFlags\SdbUpdates","SUCCESS",""
"21:53:19.4047630","TestVirus.exe","31712","CreateFile","C:\Windows\apppatch\01DD3567D0AE8D85.sysmain.sdb","SUCCESS","Desired Access: Read Attributes, Disposition: Open, Options: Open For Backup, Open Reparse Point, Attributes: n/a, ShareMode: Read, Write, Delete, AllocationSize: n/a, OpenResult: Opened"
"21:53:19.4047925","TestVirus.exe","31712","QueryStatInformation","C:\Windows\apppatch\01DD3567D0AE8D85.sysmain.sdb","SUCCESS",""
"21:53:19.4048086","TestVirus.exe","31712","CloseFile","C:\Windows\apppatch\01DD3567D0AE8D85.sysmain.sdb","SUCCESS",""
"21:53:19.4048416","TestVirus.exe","31712","QueryBasicInformationFile","C:\Windows\System32\cmd.exe","SUCCESS","CreationTime: 07/08/2026 11:30:20, LastAccessTime: 06/09/2026 21:53:19, LastWriteTime: 07/08/2026 11:30:20, ChangeTime: 12/08/2026 11:27:17, FileAttributes: A"
"21:53:19.4048872","TestVirus.exe","31712","QueryBasicInformationFile","C:\Windows\System32\cmd.exe","SUCCESS","CreationTime: 07/08/2026 11:30:20, LastAccessTime: 06/09/2026 21:53:19, LastWriteTime: 07/08/2026 11:30:20, ChangeTime: 12/08/2026 11:27:17, FileAttributes: A"
"21:53:19.4049012","TestVirus.exe","31712","QueryNameInformationFile","C:\Windows\System32\cmd.exe","SUCCESS","Name: \Windows\System32\cmd.exe"
"21:53:19.4049670","TestVirus.exe","31712","RegOpenKey","HKLM\Software\Microsoft\Windows NT\CurrentVersion\AppCompatFlags\SdbUpdates","SUCCESS","Desired Access: Read"
"21:53:19.4049855","TestVirus.exe","31712","RegQueryValue","HKLM\SOFTWARE\Microsoft\Windows NT\CurrentVersion\AppCompatFlags\SdbUpdates\StagedDelete_sysmain.sdb","NAME NOT FOUND","Length: 0"
"21:53:19.4050138","TestVirus.exe","31712","RegCloseKey","HKLM\SOFTWARE\Microsoft\Windows NT\CurrentVersion\AppCompatFlags\SdbUpdates","SUCCESS",""
"21:53:19.4050338","TestVirus.exe","31712","RegOpenKey","HKLM\Software\Microsoft\Windows NT\CurrentVersion\AppCompatFlags\SdbUpdates","SUCCESS","Desired Access: Read"
"21:53:19.4050532","TestVirus.exe","31712","RegQueryValue","HKLM\SOFTWARE\Microsoft\Windows NT\CurrentVersion\AppCompatFlags\SdbUpdates\sysmain.sdb","BUFFER TOO SMALL","Length: 0"
"21:53:19.4050668","TestVirus.exe","31712","RegQueryValue","HKLM\SOFTWARE\Microsoft\Windows NT\CurrentVersion\AppCompatFlags\SdbUpdates\sysmain.sdb","SUCCESS","Type: REG_SZ, Length: 58, Data: 01DD3567D0AE8D85.sysmain.sdb"
"21:53:19.4050802","TestVirus.exe","31712","RegQueryValue","HKLM\SOFTWARE\Microsoft\Windows NT\CurrentVersion\AppCompatFlags\SdbUpdates\MergeVer_sysmain.sdb","SUCCESS","Type: REG_DWORD, Length: 4, Data: 1"
"21:53:19.4050910","TestVirus.exe","31712","RegQueryValue","HKLM\SOFTWARE\Microsoft\Windows NT\CurrentVersion\AppCompatFlags\SdbUpdates\MergeVer","SUCCESS","Type: REG_DWORD, Length: 4, Data: 1"
"21:53:19.4051010","TestVirus.exe","31712","RegQueryValue","HKLM\SOFTWARE\Microsoft\Windows NT\CurrentVersion\AppCompatFlags\SdbUpdates\MinMergeVer","SUCCESS","Type: REG_DWORD, Length: 4, Data: 0"
"21:53:19.4052648","TestVirus.exe","31712","CreateFile","C:\Windows\apppatch\01DD3567D0AE8D85.sysmain.sdb","SUCCESS","Desired Access: Read Attributes, Disposition: Open, Options: Open For Backup, Open Reparse Point, Attributes: n/a, ShareMode: Read, Write, Delete, AllocationSize: n/a, OpenResult: Opened"
"21:53:19.4053017","TestVirus.exe","31712","QueryStatInformation","C:\Windows\apppatch\01DD3567D0AE8D85.sysmain.sdb","SUCCESS",""
"21:53:19.4053185","TestVirus.exe","31712","CloseFile","C:\Windows\apppatch\01DD3567D0AE8D85.sysmain.sdb","SUCCESS",""
"21:53:19.4055273","TestVirus.exe","31712","CreateFile","C:\Windows\apppatch\sysmain.sdb","SUCCESS","Desired Access: Read Attributes, Disposition: Open, Options: Open For Backup, Open Reparse Point, Attributes: n/a, ShareMode: Read, Write, Delete, AllocationSize: n/a, OpenResult: Opened"
"21:53:19.4055716","TestVirus.exe","31712","QueryStatInformation","C:\Windows\apppatch\sysmain.sdb","SUCCESS",""
"21:53:19.4055948","TestVirus.exe","31712","CloseFile","C:\Windows\apppatch\sysmain.sdb","SUCCESS",""
"21:53:19.4056454","TestVirus.exe","31712","RegOpenKey","HKLM\Software\Microsoft\Windows NT\CurrentVersion\AppCompatFlags\SdbUpdates","SUCCESS","Desired Access: Read"
"21:53:19.4056747","TestVirus.exe","31712","RegQueryValue","HKLM\SOFTWARE\Microsoft\Windows NT\CurrentVersion\AppCompatFlags\SdbUpdates\DisableDoubleQuerySdbs","NAME NOT FOUND","Length: 20"
"21:53:19.4057180","TestVirus.exe","31712","RegCloseKey","HKLM\SOFTWARE\Microsoft\Windows NT\CurrentVersion\AppCompatFlags\SdbUpdates","SUCCESS",""
"21:53:19.4057407","TestVirus.exe","31712","RegOpenKey","HKLM\Software\Microsoft\Windows NT\CurrentVersion\AppCompatFlags\SdbUpdates\ManifestedMergeStubSdbs","SUCCESS","Desired Access: Read"
"21:53:19.4057635","TestVirus.exe","31712","RegEnumValue","HKLM\SOFTWARE\Microsoft\Windows NT\CurrentVersion\AppCompatFlags\SdbUpdates\ManifestedMergeStubSdbs","SUCCESS","Index: 0, Type: REG_SZ, Length: 24, Data: sysmain.sdb"
"21:53:19.4057844","TestVirus.exe","31712","RegEnumValue","HKLM\SOFTWARE\Microsoft\Windows NT\CurrentVersion\AppCompatFlags\SdbUpdates\ManifestedMergeStubSdbs","SUCCESS","Index: 0, Type: REG_SZ"
"21:53:19.4057991","TestVirus.exe","31712","RegCloseKey","HKLM\SOFTWARE\Microsoft\Windows NT\CurrentVersion\AppCompatFlags\SdbUpdates\ManifestedMergeStubSdbs","SUCCESS",""
"21:53:19.4059243","TestVirus.exe","31712","CreateFile","C:\Windows\apppatch\MergeSdbFilesSource\sysMerge.sdb","SUCCESS","Desired Access: Read Attributes, Disposition: Open, Options: Open For Backup, Open Reparse Point, Attributes: n/a, ShareMode: Read, Write, Delete, AllocationSize: n/a, OpenResult: Opened"
"21:53:19.4059809","TestVirus.exe","31712","QueryStatInformation","C:\Windows\apppatch\MergeSdbFilesSource\sysMerge.sdb","SUCCESS",""
"21:53:19.4060035","TestVirus.exe","31712","CloseFile","C:\Windows\apppatch\MergeSdbFilesSource\sysMerge.sdb","SUCCESS",""
"21:53:19.4060496","TestVirus.exe","31712","RegCloseKey","HKLM\SOFTWARE\Microsoft\Windows NT\CurrentVersion\AppCompatFlags\SdbUpdates","SUCCESS",""
"21:53:19.4062529","TestVirus.exe","31712","CreateFile","C:\Windows\apppatch\01DD3567D0AE8D85.sysmain.sdb","SUCCESS","Desired Access: Generic Read, Disposition: Open, Options: Synchronous IO Non-Alert, Non-Directory File, Attributes: N, ShareMode: Read, Delete, AllocationSize: n/a, OpenResult: Opened"
"21:53:19.4063115","TestVirus.exe","31712","QueryStandardInformationFile","C:\Windows\apppatch\01DD3567D0AE8D85.sysmain.sdb","SUCCESS","AllocationSize: 4,136,960, EndOfFile: 4,136,110, NumberOfLinks: 1, DeletePending: False, Directory: False"
"21:53:19.4063283","TestVirus.exe","31712","QueryStandardInformationFile","C:\Windows\apppatch\01DD3567D0AE8D85.sysmain.sdb","SUCCESS","AllocationSize: 4,136,960, EndOfFile: 4,136,110, NumberOfLinks: 1, DeletePending: False, Directory: False"
"21:53:19.4063488","TestVirus.exe","31712","CreateFileMapping","C:\Windows\apppatch\01DD3567D0AE8D85.sysmain.sdb","FILE LOCKED WITH ONLY READERS","SyncType: SyncTypeCreateSection, PageProtection: PAGE_READONLY"
"21:53:19.4063853","TestVirus.exe","31712","QueryStandardInformationFile","C:\Windows\apppatch\01DD3567D0AE8D85.sysmain.sdb","SUCCESS","AllocationSize: 4,136,960, EndOfFile: 4,136,110, NumberOfLinks: 1, DeletePending: False, Directory: False"
"21:53:19.4064412","TestVirus.exe","31712","CreateFileMapping","C:\Windows\apppatch\01DD3567D0AE8D85.sysmain.sdb","SUCCESS","SyncType: SyncTypeOther"
"21:53:19.4065351","TestVirus.exe","31712","RegOpenKey","HKLM\Software\Microsoft\Windows NT\CurrentVersion\AppCompatFlags\SdbUpdates","SUCCESS","Desired Access: Read"
"21:53:19.4065638","TestVirus.exe","31712","RegQueryValue","HKLM\SOFTWARE\Microsoft\Windows NT\CurrentVersion\AppCompatFlags\SdbUpdates\DisableDoubleQuerySdbs","NAME NOT FOUND","Length: 20"
"21:53:19.4065855","TestVirus.exe","31712","RegCloseKey","HKLM\SOFTWARE\Microsoft\Windows NT\CurrentVersion\AppCompatFlags\SdbUpdates","SUCCESS",""
"21:53:19.4066005","TestVirus.exe","31712","RegOpenKey","HKLM\Software\Microsoft\Windows NT\CurrentVersion\AppCompatFlags\SdbUpdates\ManifestedMergeStubSdbs","SUCCESS","Desired Access: Read"
"21:53:19.4066160","TestVirus.exe","31712","RegEnumValue","HKLM\SOFTWARE\Microsoft\Windows NT\CurrentVersion\AppCompatFlags\SdbUpdates\ManifestedMergeStubSdbs","SUCCESS","Index: 0, Type: REG_SZ, Length: 24, Data: sysmain.sdb"
"21:53:19.4066321","TestVirus.exe","31712","RegEnumValue","HKLM\SOFTWARE\Microsoft\Windows NT\CurrentVersion\AppCompatFlags\SdbUpdates\ManifestedMergeStubSdbs","SUCCESS","Index: 0, Type: REG_SZ"
"21:53:19.4066661","TestVirus.exe","31712","RegCloseKey","HKLM\SOFTWARE\Microsoft\Windows NT\CurrentVersion\AppCompatFlags\SdbUpdates\ManifestedMergeStubSdbs","SUCCESS",""
"21:53:19.4067493","TestVirus.exe","31712","RegOpenKey","HKLM\Software\Microsoft\Windows NT\CurrentVersion\AppCompatFlags\SdbUpdates","SUCCESS","Desired Access: Read"
"21:53:19.4068014","TestVirus.exe","31712","RegQueryValue","HKLM\SOFTWARE\Microsoft\Windows NT\CurrentVersion\AppCompatFlags\SdbUpdates\StagedDelete_sysMerge.sdb","NAME NOT FOUND","Length: 0"
"21:53:19.4068431","TestVirus.exe","31712","RegCloseKey","HKLM\SOFTWARE\Microsoft\Windows NT\CurrentVersion\AppCompatFlags\SdbUpdates","SUCCESS",""
"21:53:19.4068848","TestVirus.exe","31712","RegOpenKey","HKLM\Software\Microsoft\Windows NT\CurrentVersion\AppCompatFlags\SdbUpdates","SUCCESS","Desired Access: Read"
"21:53:19.4069217","TestVirus.exe","31712","RegQueryValue","HKLM\SOFTWARE\Microsoft\Windows NT\CurrentVersion\AppCompatFlags\SdbUpdates\sysMerge.sdb","BUFFER TOO SMALL","Length: 0"
"21:53:19.4069532","TestVirus.exe","31712","RegQueryValue","HKLM\SOFTWARE\Microsoft\Windows NT\CurrentVersion\AppCompatFlags\SdbUpdates\sysMerge.sdb","SUCCESS","Type: REG_SZ, Length: 58, Data: 01DD139BFED4EF25.sysmain.sdb"
"21:53:19.4069894","TestVirus.exe","31712","RegQueryValue","HKLM\SOFTWARE\Microsoft\Windows NT\CurrentVersion\AppCompatFlags\SdbUpdates\MergeVer_sysMerge.sdb","SUCCESS","Type: REG_DWORD, Length: 4, Data: 1"
"21:53:19.4070298","TestVirus.exe","31712","RegQueryValue","HKLM\SOFTWARE\Microsoft\Windows NT\CurrentVersion\AppCompatFlags\SdbUpdates\MergeVer","SUCCESS","Type: REG_DWORD, Length: 4, Data: 1"
"21:53:19.4070606","TestVirus.exe","31712","RegQueryValue","HKLM\SOFTWARE\Microsoft\Windows NT\CurrentVersion\AppCompatFlags\SdbUpdates\MinMergeVer","SUCCESS","Type: REG_DWORD, Length: 4, Data: 0"
"21:53:19.4075000","TestVirus.exe","31712","CreateFile","C:\Windows\apppatch\MergeSdbFilesSource\01DD139BFED4EF25.sysmain.sdb","SUCCESS","Desired Access: Read Attributes, Disposition: Open, Options: Open For Backup, Open Reparse Point, Attributes: n/a, ShareMode: Read, Write, Delete, AllocationSize: n/a, OpenResult: Opened"
"21:53:19.4075567","TestVirus.exe","31712","QueryStatInformation","C:\Windows\apppatch\MergeSdbFilesSource\01DD139BFED4EF25.sysmain.sdb","SUCCESS",""
"21:53:19.4075845","TestVirus.exe","31712","CloseFile","C:\Windows\apppatch\MergeSdbFilesSource\01DD139BFED4EF25.sysmain.sdb","SUCCESS",""
"21:53:19.4078896","TestVirus.exe","31712","CreateFile","C:\Windows\apppatch\MergeSdbFilesSource\sysMerge.sdb","SUCCESS","Desired Access: Read Attributes, Disposition: Open, Options: Open For Backup, Open Reparse Point, Attributes: n/a, ShareMode: Read, Write, Delete, AllocationSize: n/a, OpenResult: Opened"
"21:53:19.4079673","TestVirus.exe","31712","QueryStatInformation","C:\Windows\apppatch\MergeSdbFilesSource\sysMerge.sdb","SUCCESS",""
"21:53:19.4080225","TestVirus.exe","31712","CloseFile","C:\Windows\apppatch\MergeSdbFilesSource\sysMerge.sdb","SUCCESS",""
"21:53:19.4080928","TestVirus.exe","31712","RegOpenKey","HKLM\Software\Microsoft\Windows NT\CurrentVersion\AppCompatFlags\SdbUpdates","SUCCESS","Desired Access: Read"
"21:53:19.4081430","TestVirus.exe","31712","RegQueryValue","HKLM\SOFTWARE\Microsoft\Windows NT\CurrentVersion\AppCompatFlags\SdbUpdates\DisableDoubleQuerySdbs","NAME NOT FOUND","Length: 20"
"21:53:19.4082187","TestVirus.exe","31712","RegCloseKey","HKLM\SOFTWARE\Microsoft\Windows NT\CurrentVersion\AppCompatFlags\SdbUpdates","SUCCESS",""
"21:53:19.4082484","TestVirus.exe","31712","RegOpenKey","HKLM\Software\Microsoft\Windows NT\CurrentVersion\AppCompatFlags\SdbUpdates\ManifestedMergeStubSdbs","SUCCESS","Desired Access: Read"
"21:53:19.4082775","TestVirus.exe","31712","RegEnumValue","HKLM\SOFTWARE\Microsoft\Windows NT\CurrentVersion\AppCompatFlags\SdbUpdates\ManifestedMergeStubSdbs","SUCCESS","Index: 0, Type: REG_SZ, Length: 24, Data: sysmain.sdb"
"21:53:19.4082961","TestVirus.exe","31712","RegEnumValue","HKLM\SOFTWARE\Microsoft\Windows NT\CurrentVersion\AppCompatFlags\SdbUpdates\ManifestedMergeStubSdbs","SUCCESS","Index: 1, Type: REG_SZ, Length: 24, Data: msimain.sdb"
"21:53:19.4083391","TestVirus.exe","31712","RegEnumValue","HKLM\SOFTWARE\Microsoft\Windows NT\CurrentVersion\AppCompatFlags\SdbUpdates\ManifestedMergeStubSdbs","NO MORE ENTRIES","Index: 2, Length: 42"
"21:53:19.4083785","TestVirus.exe","31712","RegCloseKey","HKLM\SOFTWARE\Microsoft\Windows NT\CurrentVersion\AppCompatFlags\SdbUpdates\ManifestedMergeStubSdbs","SUCCESS",""
"21:53:19.4084001","TestVirus.exe","31712","RegCloseKey","HKLM\SOFTWARE\Microsoft\Windows NT\CurrentVersion\AppCompatFlags\SdbUpdates","SUCCESS",""
"21:53:19.4084292","TestVirus.exe","31712","QueryStandardInformationFile","C:\Windows\System32\cmd.exe","SUCCESS","AllocationSize: 344,064, EndOfFile: 344,064, NumberOfLinks: 2, DeletePending: False, Directory: False"
"21:53:19.4091662","TestVirus.exe","31712","RegOpenKey","HKLM\Software\Microsoft\Windows NT\CurrentVersion\AppCompatFlags\Layers","SUCCESS","Desired Access: Read"
"21:53:19.4092122","TestVirus.exe","31712","RegQueryValue","HKLM\SOFTWARE\Microsoft\Windows NT\CurrentVersion\AppCompatFlags\Layers\C:\WINDOWS\system32\cmd.exe","NAME NOT FOUND","Length: 1,024"
"21:53:19.4092442","TestVirus.exe","31712","RegCloseKey","HKLM\SOFTWARE\Microsoft\Windows NT\CurrentVersion\AppCompatFlags\Layers","SUCCESS",""
"21:53:19.4093645","TestVirus.exe","31712","RegOpenKey","HKCU\Software\Microsoft\Windows NT\CurrentVersion\AppCompatFlags\Layers","NAME NOT FOUND","Desired Access: Read"
"21:53:19.4094120","TestVirus.exe","31712","RegOpenKey","HKLM\Software\Microsoft\Windows NT\CurrentVersion\AppCompatFlags\Custom\cmd.exe","NAME NOT FOUND","Desired Access: Read"
"21:53:19.4096309","TestVirus.exe","31712","QueryStandardInformationFile","C:\Windows\System32\cmd.exe","SUCCESS","AllocationSize: 344,064, EndOfFile: 344,064, NumberOfLinks: 2, DeletePending: False, Directory: False"
"21:53:19.4096743","TestVirus.exe","31712","CreateFileMapping","C:\Windows\System32\cmd.exe","FILE LOCKED WITH ONLY READERS","SyncType: SyncTypeCreateSection, PageProtection: PAGE_READONLY"
"21:53:19.4097203","TestVirus.exe","31712","QueryStandardInformationFile","C:\Windows\System32\cmd.exe","SUCCESS","AllocationSize: 344,064, EndOfFile: 344,064, NumberOfLinks: 2, DeletePending: False, Directory: False"
"21:53:19.4097837","TestVirus.exe","31712","CreateFileMapping","C:\WINDOWS\system32\cmd.exe","SUCCESS","SyncType: SyncTypeOther"
"21:53:19.4146441","TestVirus.exe","31712","CloseFile","C:\Windows\apppatch\01DD3567D0AE8D85.sysmain.sdb","SUCCESS",""
"21:53:19.4149298","TestVirus.exe","31712","RegOpenKey","HKLM\Software\Microsoft\Windows\CurrentVersion\SideBySide","SUCCESS","Desired Access: Read"
"21:53:19.4149617","TestVirus.exe","31712","RegQueryValue","HKLM\SOFTWARE\Microsoft\Windows\CurrentVersion\SideBySide\PreferExternalManifest","NAME NOT FOUND","Length: 20"
"21:53:19.4149829","TestVirus.exe","31712","RegCloseKey","HKLM\SOFTWARE\Microsoft\Windows\CurrentVersion\SideBySide","SUCCESS",""
"21:53:19.4184526","TestVirus.exe","31712","RegOpenKey","HKLM\Software\Microsoft\Windows NT\CurrentVersion\AppCompatFlags\SdbUpdates","SUCCESS","Desired Access: Read"
"21:53:19.4184805","TestVirus.exe","31712","RegQueryValue","HKLM\SOFTWARE\Microsoft\Windows NT\CurrentVersion\AppCompatFlags\SdbUpdates\StagedDelete_sysmain.sdb","NAME NOT FOUND","Length: 0"
"21:53:19.4185009","TestVirus.exe","31712","RegCloseKey","HKLM\SOFTWARE\Microsoft\Windows NT\CurrentVersion\AppCompatFlags\SdbUpdates","SUCCESS",""
"21:53:19.4185215","TestVirus.exe","31712","RegOpenKey","HKLM\Software\Microsoft\Windows NT\CurrentVersion\AppCompatFlags\SdbUpdates","SUCCESS","Desired Access: Read"
"21:53:19.4185415","TestVirus.exe","31712","RegQueryValue","HKLM\SOFTWARE\Microsoft\Windows NT\CurrentVersion\AppCompatFlags\SdbUpdates\sysmain.sdb","BUFFER TOO SMALL","Length: 0"
"21:53:19.4185796","TestVirus.exe","31712","RegQueryValue","HKLM\SOFTWARE\Microsoft\Windows NT\CurrentVersion\AppCompatFlags\SdbUpdates\sysmain.sdb","SUCCESS","Type: REG_SZ, Length: 58, Data: 01DD3567D0AE8D85.sysmain.sdb"
"21:53:19.4186009","TestVirus.exe","31712","RegQueryValue","HKLM\SOFTWARE\Microsoft\Windows NT\CurrentVersion\AppCompatFlags\SdbUpdates\MergeVer_sysmain.sdb","SUCCESS","Type: REG_DWORD, Length: 4, Data: 1"
"21:53:19.4186121","TestVirus.exe","31712","RegQueryValue","HKLM\SOFTWARE\Microsoft\Windows NT\CurrentVersion\AppCompatFlags\SdbUpdates\MergeVer","SUCCESS","Type: REG_DWORD, Length: 4, Data: 1"
"21:53:19.4186213","TestVirus.exe","31712","RegQueryValue","HKLM\SOFTWARE\Microsoft\Windows NT\CurrentVersion\AppCompatFlags\SdbUpdates\MinMergeVer","SUCCESS","Type: REG_DWORD, Length: 4, Data: 0"
"21:53:19.4188046","TestVirus.exe","31712","CreateFile","C:\Windows\apppatch\01DD3567D0AE8D85.sysmain.sdb","SUCCESS","Desired Access: Read Attributes, Disposition: Open, Options: Open Reparse Point, Attributes: n/a, ShareMode: Read, Write, Delete, AllocationSize: n/a, OpenResult: Opened"
"21:53:19.4188552","TestVirus.exe","31712","QueryStatInformation","C:\Windows\apppatch\01DD3567D0AE8D85.sysmain.sdb","SUCCESS",""
"21:53:19.4188778","TestVirus.exe","31712","CloseFile","C:\Windows\apppatch\01DD3567D0AE8D85.sysmain.sdb","SUCCESS",""
"21:53:19.4190441","TestVirus.exe","31712","CreateFile","C:\Windows\apppatch\sysmain.sdb","SUCCESS","Desired Access: Read Attributes, Disposition: Open, Options: Open Reparse Point, Attributes: n/a, ShareMode: Read, Write, Delete, AllocationSize: n/a, OpenResult: Opened"
"21:53:19.4190812","TestVirus.exe","31712","QueryStatInformation","C:\Windows\apppatch\sysmain.sdb","SUCCESS",""
"21:53:19.4190948","TestVirus.exe","31712","CloseFile","C:\Windows\apppatch\sysmain.sdb","SUCCESS",""
"21:53:19.4191305","TestVirus.exe","31712","RegOpenKey","HKLM\Software\Microsoft\Windows NT\CurrentVersion\AppCompatFlags\SdbUpdates","SUCCESS","Desired Access: Read"
"21:53:19.4191714","TestVirus.exe","31712","RegQueryValue","HKLM\SOFTWARE\Microsoft\Windows NT\CurrentVersion\AppCompatFlags\SdbUpdates\DisableDoubleQuerySdbs","NAME NOT FOUND","Length: 20"
"21:53:19.4191876","TestVirus.exe","31712","RegCloseKey","HKLM\SOFTWARE\Microsoft\Windows NT\CurrentVersion\AppCompatFlags\SdbUpdates","SUCCESS",""
"21:53:19.4192025","TestVirus.exe","31712","RegOpenKey","HKLM\Software\Microsoft\Windows NT\CurrentVersion\AppCompatFlags\SdbUpdates\ManifestedMergeStubSdbs","SUCCESS","Desired Access: Read"
"21:53:19.4192752","TestVirus.exe","31712","RegEnumValue","HKLM\SOFTWARE\Microsoft\Windows NT\CurrentVersion\AppCompatFlags\SdbUpdates\ManifestedMergeStubSdbs","SUCCESS","Index: 0, Type: REG_SZ, Length: 24, Data: sysmain.sdb"
"21:53:19.4192965","TestVirus.exe","31712","RegEnumValue","HKLM\SOFTWARE\Microsoft\Windows NT\CurrentVersion\AppCompatFlags\SdbUpdates\ManifestedMergeStubSdbs","SUCCESS","Index: 0, Type: REG_SZ"
"21:53:19.4193167","TestVirus.exe","31712","RegCloseKey","HKLM\SOFTWARE\Microsoft\Windows NT\CurrentVersion\AppCompatFlags\SdbUpdates\ManifestedMergeStubSdbs","SUCCESS",""
"21:53:19.4194868","TestVirus.exe","31712","CreateFile","C:\Windows\apppatch\MergeSdbFilesSource\sysMerge.sdb","SUCCESS","Desired Access: Read Attributes, Disposition: Open, Options: Open Reparse Point, Attributes: n/a, ShareMode: Read, Write, Delete, AllocationSize: n/a, OpenResult: Opened"
"21:53:19.4195290","TestVirus.exe","31712","QueryStatInformation","C:\Windows\apppatch\MergeSdbFilesSource\sysMerge.sdb","SUCCESS",""
"21:53:19.4195449","TestVirus.exe","31712","CloseFile","C:\Windows\apppatch\MergeSdbFilesSource\sysMerge.sdb","SUCCESS",""
"21:53:19.4195767","TestVirus.exe","31712","RegCloseKey","HKLM\SOFTWARE\Microsoft\Windows NT\CurrentVersion\AppCompatFlags\SdbUpdates","SUCCESS",""
"21:53:19.4197006","TestVirus.exe","31712","CreateFile","C:\Windows\apppatch\01DD3567D0AE8D85.sysmain.sdb","SUCCESS","Desired Access: Generic Read, Disposition: Open, Options: Synchronous IO Non-Alert, Non-Directory File, Attributes: N, ShareMode: Read, Delete, AllocationSize: n/a, OpenResult: Opened"
"21:53:19.4197491","TestVirus.exe","31712","QueryStandardInformationFile","C:\Windows\apppatch\01DD3567D0AE8D85.sysmain.sdb","SUCCESS","AllocationSize: 4,136,960, EndOfFile: 4,136,110, NumberOfLinks: 1, DeletePending: False, Directory: False"
"21:53:19.4197603","TestVirus.exe","31712","QueryStandardInformationFile","C:\Windows\apppatch\01DD3567D0AE8D85.sysmain.sdb","SUCCESS","AllocationSize: 4,136,960, EndOfFile: 4,136,110, NumberOfLinks: 1, DeletePending: False, Directory: False"
"21:53:19.4197741","TestVirus.exe","31712","CreateFileMapping","C:\Windows\apppatch\01DD3567D0AE8D85.sysmain.sdb","FILE LOCKED WITH ONLY READERS","SyncType: SyncTypeCreateSection, PageProtection: PAGE_READONLY"
"21:53:19.4197867","TestVirus.exe","31712","QueryStandardInformationFile","C:\Windows\apppatch\01DD3567D0AE8D85.sysmain.sdb","SUCCESS","AllocationSize: 4,136,960, EndOfFile: 4,136,110, NumberOfLinks: 1, DeletePending: False, Directory: False"
"21:53:19.4198057","TestVirus.exe","31712","CreateFileMapping","C:\Windows\apppatch\01DD3567D0AE8D85.sysmain.sdb","SUCCESS","SyncType: SyncTypeOther"
"21:53:19.4198723","TestVirus.exe","31712","RegOpenKey","HKLM\Software\Microsoft\Windows NT\CurrentVersion\AppCompatFlags\SdbUpdates","SUCCESS","Desired Access: Read"
"21:53:19.4198920","TestVirus.exe","31712","RegQueryValue","HKLM\SOFTWARE\Microsoft\Windows NT\CurrentVersion\AppCompatFlags\SdbUpdates\DisableDoubleQuerySdbs","NAME NOT FOUND","Length: 20"
"21:53:19.4199075","TestVirus.exe","31712","RegCloseKey","HKLM\SOFTWARE\Microsoft\Windows NT\CurrentVersion\AppCompatFlags\SdbUpdates","SUCCESS",""
"21:53:19.4199571","TestVirus.exe","31712","RegOpenKey","HKLM\Software\Microsoft\Windows NT\CurrentVersion\AppCompatFlags\SdbUpdates\ManifestedMergeStubSdbs","SUCCESS","Desired Access: Read"
"21:53:19.4199803","TestVirus.exe","31712","RegEnumValue","HKLM\SOFTWARE\Microsoft\Windows NT\CurrentVersion\AppCompatFlags\SdbUpdates\ManifestedMergeStubSdbs","SUCCESS","Index: 0, Type: REG_SZ, Length: 24, Data: sysmain.sdb"
"21:53:19.4200680","TestVirus.exe","31712","RegEnumValue","HKLM\SOFTWARE\Microsoft\Windows NT\CurrentVersion\AppCompatFlags\SdbUpdates\ManifestedMergeStubSdbs","SUCCESS","Index: 0, Type: REG_SZ"
"21:53:19.4201654","TestVirus.exe","31712","RegCloseKey","HKLM\SOFTWARE\Microsoft\Windows NT\CurrentVersion\AppCompatFlags\SdbUpdates\ManifestedMergeStubSdbs","SUCCESS",""
"21:53:19.4202112","TestVirus.exe","31712","RegOpenKey","HKLM\Software\Microsoft\Windows NT\CurrentVersion\AppCompatFlags\SdbUpdates","SUCCESS","Desired Access: Read"
"21:53:19.4202397","TestVirus.exe","31712","RegQueryValue","HKLM\SOFTWARE\Microsoft\Windows NT\CurrentVersion\AppCompatFlags\SdbUpdates\StagedDelete_sysMerge.sdb","NAME NOT FOUND","Length: 0"
"21:53:19.4202535","TestVirus.exe","31712","RegCloseKey","HKLM\SOFTWARE\Microsoft\Windows NT\CurrentVersion\AppCompatFlags\SdbUpdates","SUCCESS",""
"21:53:19.4202673","TestVirus.exe","31712","RegOpenKey","HKLM\Software\Microsoft\Windows NT\CurrentVersion\AppCompatFlags\SdbUpdates","SUCCESS","Desired Access: Read"
"21:53:19.4202808","TestVirus.exe","31712","RegQueryValue","HKLM\SOFTWARE\Microsoft\Windows NT\CurrentVersion\AppCompatFlags\SdbUpdates\sysMerge.sdb","BUFFER TOO SMALL","Length: 0"
"21:53:19.4202904","TestVirus.exe","31712","RegQueryValue","HKLM\SOFTWARE\Microsoft\Windows NT\CurrentVersion\AppCompatFlags\SdbUpdates\sysMerge.sdb","SUCCESS","Type: REG_SZ, Length: 58, Data: 01DD139BFED4EF25.sysmain.sdb"
"21:53:19.4203365","TestVirus.exe","31712","RegQueryValue","HKLM\SOFTWARE\Microsoft\Windows NT\CurrentVersion\AppCompatFlags\SdbUpdates\MergeVer_sysMerge.sdb","SUCCESS","Type: REG_DWORD, Length: 4, Data: 1"
"21:53:19.4203480","TestVirus.exe","31712","RegQueryValue","HKLM\SOFTWARE\Microsoft\Windows NT\CurrentVersion\AppCompatFlags\SdbUpdates\MergeVer","SUCCESS","Type: REG_DWORD, Length: 4, Data: 1"
"21:53:19.4203572","TestVirus.exe","31712","RegQueryValue","HKLM\SOFTWARE\Microsoft\Windows NT\CurrentVersion\AppCompatFlags\SdbUpdates\MinMergeVer","SUCCESS","Type: REG_DWORD, Length: 4, Data: 0"
"21:53:19.4204949","TestVirus.exe","31712","CreateFile","C:\Windows\apppatch\MergeSdbFilesSource\01DD139BFED4EF25.sysmain.sdb","SUCCESS","Desired Access: Read Attributes, Disposition: Open, Options: Open Reparse Point, Attributes: n/a, ShareMode: Read, Write, Delete, AllocationSize: n/a, OpenResult: Opened"
"21:53:19.4205227","TestVirus.exe","31712","QueryStatInformation","C:\Windows\apppatch\MergeSdbFilesSource\01DD139BFED4EF25.sysmain.sdb","SUCCESS",""
"21:53:19.4205412","TestVirus.exe","31712","CloseFile","C:\Windows\apppatch\MergeSdbFilesSource\01DD139BFED4EF25.sysmain.sdb","SUCCESS",""
"21:53:19.4206863","TestVirus.exe","31712","CreateFile","C:\Windows\apppatch\MergeSdbFilesSource\sysMerge.sdb","SUCCESS","Desired Access: Read Attributes, Disposition: Open, Options: Open Reparse Point, Attributes: n/a, ShareMode: Read, Write, Delete, AllocationSize: n/a, OpenResult: Opened"
"21:53:19.4207203","TestVirus.exe","31712","QueryStatInformation","C:\Windows\apppatch\MergeSdbFilesSource\sysMerge.sdb","SUCCESS",""
"21:53:19.4207342","TestVirus.exe","31712","CloseFile","C:\Windows\apppatch\MergeSdbFilesSource\sysMerge.sdb","SUCCESS",""
"21:53:19.4207690","TestVirus.exe","31712","RegOpenKey","HKLM\Software\Microsoft\Windows NT\CurrentVersion\AppCompatFlags\SdbUpdates","SUCCESS","Desired Access: Read"
"21:53:19.4207998","TestVirus.exe","31712","RegQueryValue","HKLM\SOFTWARE\Microsoft\Windows NT\CurrentVersion\AppCompatFlags\SdbUpdates\DisableDoubleQuerySdbs","NAME NOT FOUND","Length: 20"
"21:53:19.4208204","TestVirus.exe","31712","RegCloseKey","HKLM\SOFTWARE\Microsoft\Windows NT\CurrentVersion\AppCompatFlags\SdbUpdates","SUCCESS",""
"21:53:19.4208398","TestVirus.exe","31712","RegOpenKey","HKLM\Software\Microsoft\Windows NT\CurrentVersion\AppCompatFlags\SdbUpdates\ManifestedMergeStubSdbs","SUCCESS","Desired Access: Read"
"21:53:19.4208658","TestVirus.exe","31712","RegEnumValue","HKLM\SOFTWARE\Microsoft\Windows NT\CurrentVersion\AppCompatFlags\SdbUpdates\ManifestedMergeStubSdbs","SUCCESS","Index: 0, Type: REG_SZ, Length: 24, Data: sysmain.sdb"
"21:53:19.4208810","TestVirus.exe","31712","RegEnumValue","HKLM\SOFTWARE\Microsoft\Windows NT\CurrentVersion\AppCompatFlags\SdbUpdates\ManifestedMergeStubSdbs","SUCCESS","Index: 1, Type: REG_SZ, Length: 24, Data: msimain.sdb"
"21:53:19.4209128","TestVirus.exe","31712","RegEnumValue","HKLM\SOFTWARE\Microsoft\Windows NT\CurrentVersion\AppCompatFlags\SdbUpdates\ManifestedMergeStubSdbs","NO MORE ENTRIES","Index: 2, Length: 42"
"21:53:19.4209468","TestVirus.exe","31712","RegCloseKey","HKLM\SOFTWARE\Microsoft\Windows NT\CurrentVersion\AppCompatFlags\SdbUpdates\ManifestedMergeStubSdbs","SUCCESS",""
"21:53:19.4209577","TestVirus.exe","31712","RegCloseKey","HKLM\SOFTWARE\Microsoft\Windows NT\CurrentVersion\AppCompatFlags\SdbUpdates","SUCCESS",""
"21:53:19.4209936","TestVirus.exe","31712","CloseFile","C:\Windows\apppatch\01DD3567D0AE8D85.sysmain.sdb","SUCCESS",""
"21:53:19.4210969","TestVirus.exe","31712","CloseFile","C:\Windows\System32\cmd.exe","SUCCESS",""
"21:53:19.6891581","TestVirus.exe","31712","CreateFile","C:\Windows\System32\kernel.appcore.dll","SUCCESS","Desired Access: Read Attributes, Disposition: Open, Options: Open Reparse Point, Attributes: n/a, ShareMode: Read, Write, Delete, AllocationSize: n/a, OpenResult: Opened"
"21:53:19.6892117","TestVirus.exe","31712","QueryBasicInformationFile","C:\Windows\System32\kernel.appcore.dll","SUCCESS","CreationTime: 14/07/2026 23:10:29, LastAccessTime: 06/09/2026 21:53:19, LastWriteTime: 14/07/2026 23:10:29, ChangeTime: 12/08/2026 11:27:20, FileAttributes: A"
"21:53:19.6892308","TestVirus.exe","31712","CloseFile","C:\Windows\System32\kernel.appcore.dll","SUCCESS",""
"21:53:19.6896817","TestVirus.exe","31712","CreateFile","C:\Windows\System32\kernel.appcore.dll","SUCCESS","Desired Access: Read Data/List Directory, Execute/Traverse, Synchronize, Disposition: Open, Options: Synchronous IO Non-Alert, Non-Directory File, Attributes: n/a, ShareMode: Read, Delete, AllocationSize: n/a, OpenResult: Opened"
"21:53:19.6897434","TestVirus.exe","31712","CreateFileMapping","C:\Windows\System32\kernel.appcore.dll","FILE LOCKED WITH ONLY READERS","SyncType: SyncTypeCreateSection, PageProtection: PAGE_EXECUTE"
"21:53:19.6897963","TestVirus.exe","31712","CreateFileMapping","C:\Windows\System32\kernel.appcore.dll","SUCCESS","SyncType: SyncTypeOther"
"21:53:19.6898389","TestVirus.exe","31712","RegOpenKey","HKLM\System\CurrentControlSet\Control\Srp\GP\","REPARSE","Desired Access: Read"
"21:53:19.6898800","TestVirus.exe","31712","RegOpenKey","HKLM\System\CurrentControlSet\Control\Srp\GP","SUCCESS","Desired Access: Read"
"21:53:19.6899715","TestVirus.exe","31712","RegQueryValue","HKLM\System\CurrentControlSet\Control\Srp\Gp\RuleCount","SUCCESS","Type: REG_DWORD, Length: 4, Data: 2"
"21:53:19.6899930","TestVirus.exe","31712","RegCloseKey","HKLM\System\CurrentControlSet\Control\Srp\Gp","SUCCESS",""
"21:53:19.6900610","TestVirus.exe","31712","QuerySecurityFile","C:\Windows\System32\kernel.appcore.dll","SUCCESS","Information: Owner, Group, DACL, SACL, Label, Attribute, Process Trust Label, 0x100"
"21:53:19.6900902","TestVirus.exe","31712","RegOpenKey","HKLM\System\CurrentControlSet\Control\AppID\Configuration\SMARTLOCKER","REPARSE","Desired Access: Read"
"21:53:19.6901133","TestVirus.exe","31712","RegOpenKey","HKLM\System\CurrentControlSet\Control\AppID\Configuration\SMARTLOCKER","SUCCESS","Desired Access: Read"
"21:53:19.6901383","TestVirus.exe","31712","RegQueryValue","HKLM\System\CurrentControlSet\Control\AppID\Configuration\SMARTLOCKER\DISABLED","NAME NOT FOUND","Length: 48"
"21:53:19.6901864","TestVirus.exe","31712","RegCloseKey","HKLM\System\CurrentControlSet\Control\AppID\Configuration\SMARTLOCKER","SUCCESS",""
"21:53:19.6903020","TestVirus.exe","31712","RegOpenKey","HKLM\System\CurrentControlSet\Control\AppID\Configuration\SMARTLOCKER","REPARSE","Desired Access: Read"
"21:53:19.6903264","TestVirus.exe","31712","RegOpenKey","HKLM\System\CurrentControlSet\Control\AppID\Configuration\SMARTLOCKER","SUCCESS","Desired Access: Read"
"21:53:19.6903488","TestVirus.exe","31712","RegQueryValue","HKLM\System\CurrentControlSet\Control\AppID\Configuration\SMARTLOCKER\ENABLED","SUCCESS","Type: REG_QWORD, Length: 8, Data: "
"21:53:19.6903755","TestVirus.exe","31712","RegCloseKey","HKLM\System\CurrentControlSet\Control\AppID\Configuration\SMARTLOCKER","SUCCESS",""
"21:53:19.6903956","TestVirus.exe","31712","RegOpenKey","HKLM\System\CurrentControlSet\Control\AppID\Configuration\SMARTLOCKER","REPARSE","Desired Access: Read"
"21:53:19.6904582","TestVirus.exe","31712","RegOpenKey","HKLM\System\CurrentControlSet\Control\AppID\Configuration\SMARTLOCKER","SUCCESS","Desired Access: Read"
"21:53:19.6904783","TestVirus.exe","31712","RegQueryValue","HKLM\System\CurrentControlSet\Control\AppID\Configuration\SMARTLOCKER\ENABLED","SUCCESS","Type: REG_QWORD, Length: 8, Data: "
"21:53:19.6905037","TestVirus.exe","31712","RegCloseKey","HKLM\System\CurrentControlSet\Control\AppID\Configuration\SMARTLOCKER","SUCCESS",""
"21:53:19.6905216","TestVirus.exe","31712","RegOpenKey","HKLM\System\CurrentControlSet\Control\AppID\Configuration\SMARTLOCKER","REPARSE","Desired Access: Read"
"21:53:19.6905657","TestVirus.exe","31712","RegOpenKey","HKLM\System\CurrentControlSet\Control\AppID\Configuration\SMARTLOCKER","SUCCESS","Desired Access: Read"
"21:53:19.6906581","TestVirus.exe","31712","RegQueryValue","HKLM\System\CurrentControlSet\Control\AppID\Configuration\SMARTLOCKER\DISABLED","NAME NOT FOUND","Length: 48"
"21:53:19.6906782","TestVirus.exe","31712","RegCloseKey","HKLM\System\CurrentControlSet\Control\AppID\Configuration\SMARTLOCKER","SUCCESS",""
"21:53:19.6907280","TestVirus.exe","31712","FileSystemControl","C:\Windows\System32\kernel.appcore.dll","SUCCESS","Control: FSCTL_READ_FILE_USN_DATA"
"21:53:19.6909174","TestVirus.exe","31712","Load Image","C:\Windows\System32\kernel.appcore.dll","SUCCESS","Image Base: 0x7ffe0b940000, Image Size: 0x1b000"
"21:53:19.6911651","TestVirus.exe","31712","CloseFile","C:\Windows\System32\kernel.appcore.dll","SUCCESS",""
"21:53:19.6919158","TestVirus.exe","31712","CreateFile","C:\Windows\System32\kernel.appcore.dll","SUCCESS","Desired Access: Read Control, Disposition: Open, Options: , Attributes: n/a, ShareMode: Read, Delete, AllocationSize: n/a, OpenResult: Opened"
"21:53:19.6919662","TestVirus.exe","31712","QuerySecurityFile","C:\Windows\System32\kernel.appcore.dll","BUFFER OVERFLOW","Information: Owner"
"21:53:19.6919834","TestVirus.exe","31712","QuerySecurityFile","C:\Windows\System32\kernel.appcore.dll","SUCCESS","Information: Owner"
"21:53:19.6919988","TestVirus.exe","31712","CloseFile","C:\Windows\System32\kernel.appcore.dll","SUCCESS",""
"21:53:19.6924097","TestVirus.exe","31712","Thread Exit","","SUCCESS","Thread ID: 3088, User Time: 0.0312500, Kernel Time: 0.0468750"
"21:53:19.6924792","TestVirus.exe","31712","Thread Exit","","SUCCESS","Thread ID: 14900, User Time: 0.0000000, Kernel Time: 0.0000000"
"21:53:19.6927357","TestVirus.exe","31712","Thread Exit","","SUCCESS","Thread ID: 30780, User Time: 0.0000000, Kernel Time: 0.0000000"
"21:53:19.6936344","TestVirus.exe","31712","Process Exit","","SUCCESS","Exit Status: 0, User Time: 0.0312500 seconds, Kernel Time: 0.0468750 seconds, Private Bytes: 856,064, Peak Private Bytes: 856,064, Working Set: 5,795,840, Peak Working Set: 5,795,840"
"21:53:19.6937672","TestVirus.exe","31712","RegOpenKey","HKLM\System\CurrentControlSet\Services\bam\State\UserSettings\S-1-5-21-1663969892-1486492031-3681852467-1002","SUCCESS","Desired Access: All Access"
"21:53:19.6938035","TestVirus.exe","31712","RegQueryValue","HKLM\System\CurrentControlSet\Services\bam\State\UserSettings\S-1-5-21-1663969892-1486492031-3681852467-1002\\Device\HarddiskVolume3\Users\Maahir\AppData\Local\Temp\RarSFX1\TestVirus.exe","SUCCESS","Type: REG_BINARY, Length: 24, Data: 45 42 FD BE 41 3E DD 01 00 00 00 00 00 00 00 00"
"21:53:19.6938362","TestVirus.exe","31712","RegSetValue","HKLM\System\CurrentControlSet\Services\bam\State\UserSettings\S-1-5-21-1663969892-1486492031-3681852467-1002\\Device\HarddiskVolume3\Users\Maahir\AppData\Local\Temp\RarSFX1\TestVirus.exe","SUCCESS","Type: REG_BINARY, Length: 24, Data: DA E9 77 BF 41 3E DD 01 00 00 00 00 00 00 00 00"
"21:53:19.6940862","TestVirus.exe","31712","RegCloseKey","HKLM\System\CurrentControlSet\Services\bam\State\UserSettings\S-1-5-21-1663969892-1486492031-3681852467-1002","SUCCESS",""
"21:53:19.6941319","TestVirus.exe","31712","RegCloseKey","HKLM\SOFTWARE\Microsoft\Windows NT\CurrentVersion\Image File Execution Options","SUCCESS",""
"21:53:19.6942122","TestVirus.exe","31712","CloseFile","C:\Users\Maahir\AppData\Local\Temp\RarSFX1","SUCCESS",""
"21:53:19.6944643","TestVirus.exe","31712","RegCloseKey","HKLM","SUCCESS",""
"21:53:19.6945412","TestVirus.exe","31712","RegCloseKey","HKLM\System\CurrentControlSet\Control\Nls\Sorting\Versions","SUCCESS",""
"21:53:19.6945684","TestVirus.exe","31712","RegCloseKey","HKCU\Software\Microsoft\Windows NT\CurrentVersion","SUCCESS",""
